#{"t_start": 1761663077.470182, "env_id": "None"}
r,l,t
-68.313333,968,2.502691
-79.065667,1518,4.040289
-69.954,2417,6.316423
-68.341333,680,7.527403
-84.235667,1813,10.04017
-63.754333,978,18.806426
-90.028333,1781,24.409111
-79.239333,1365,31.52504
-115.185333,1797,35.551441
-39.928333,1416,38.559005
-95.184,1609,47.680198
-34.479667,1440,50.052554
-79.422333,777,51.661449
-63.992333,1113,53.438481
-83.105667,625,54.686572
-104.533333,1435,56.676826
-84.314,1004,58.359934
-78.394,799,59.846005
68.577667,340,60.857181
-23.365238,2313,69.098708
95.490143,2700,72.467294
-29.860714,2174,75.401994
-63.831333,1148,77.186661
73.674,340,84.107959
-78.781333,1261,86.853943
-74.493333,1895,91.726852
-79.160667,724,94.533186
-63.632,949,97.25714
51.115619,2700,101.997339
-81.840905,1816,115.51081
-64.506667,1071,117.663044
-74.066667,1417,119.892316
-88.742,784,121.473484
-99.433,1060,123.334171
-68.795,931,125.037533
-66.567333,766,126.581122
24.991524,2096,135.759027
-31.880095,2665,139.409126
73.637,340,140.428681
-79.683667,1960,143.295958
-93.412667,691,144.70516
-109.137333,1403,152.722985
-103.362,1011,154.774445
-100.097333,2113,157.857068
-78.813667,925,159.51616
-83.708667,1205,161.819133
-84.236667,1216,164.833596
-75.626667,2022,173.971073
-64.061333,1489,176.396894
-79.013667,1037,178.202297
-64.503333,1737,180.700341
-79.922,2067,183.580368
54.414667,2700,193.202941
-104.363667,1442,195.584474
-78.586714,1101,197.526989
-84.045667,1543,199.888669
-84.395,936,201.553328
-93.964333,875,203.207861
-64.731333,1791,211.659047
-66.024667,1935,214.520911
-89.744333,1805,217.642771
-149.526,1505,219.915535
63.888333,414,221.132377
93.636,340,222.214011
-69.727333,2168,230.431393
-63.468,709,231.805397
-75.197667,1139,233.615835
-74.640667,2005,236.280348
83.616,340,237.210371
-83.756,1125,239.075542
-140.076,2074,247.363901
-12.592381,2700,251.899925
-87.886381,1183,255.028018
63.418667,1031,257.367678
-67.874667,1301,260.149997
-75.586667,916,262.209104
-53.797762,1627,271.220813
67.402,1513,274.138742
-67.845333,1140,276.471249
-67.263333,876,278.45233
-41.603619,1562,282.268835
-68.139667,920,284.371123
13.313667,1087,292.061647
-108.207,1646,295.099871
-62.534,932,297.111825
-75.273667,815,298.974811
73.671333,340,299.960938
53.108524,805,301.895959
58.016667,1273,304.389006
-53.387952,1591,307.166499
72.978,1016,315.876028
-76.544667,1300,318.568273
73.637667,340,319.553692
-75.317667,837,321.444306
-67.563333,1052,323.815472
58.898571,938,325.799128
-94.997381,1583,328.128075
-83.270333,600,329.683312
77.353333,1113,337.270024
73.011667,1688,340.414494
63.715,340,341.376018
-74.162667,1102,343.660874
-82.941952,1510,346.614864
-59.517,1880,349.948722
62.97919,1122,352.14136
67.930333,1456,362.005478
-18.354667,1231,364.738658
93.540333,414,365.943979
-98.495667,868,367.699836
88.564,414,368.818074
73.489333,766,370.793127
67.535429,1532,373.944612
-67.932571,1685,382.887889
73.500667,414,384.179926
63.076,1276,386.859651
18.268,1274,389.743323
-58.452476,2034,393.485644
73.077667,845,395.489585
-29.035429,1941,399.266588
33.546333,1166,408.40913
118.659333,340,409.485231
62.110333,1264,412.096745
62.842381,1302,414.801544
43.158333,1457,417.701309
62.602667,894,419.858018
77.794714,1325,422.517205
-50.171429,2127,431.508177
78.518333,414,432.636154
62.429619,1441,435.825256
-62.584667,1048,438.603113
-70.15,1915,442.940077
63.591667,797,445.22902
33.028667,1392,454.019272
62.814524,1694,457.687287
73.432667,493,459.075617
37.544,1388,461.597268
98.034333,920,463.645853
93.62,636,465.239008
102.875667,1175,467.549076
68.624,340,468.496869
18.321762,1350,476.252382
93.520333,878,478.175416
73.518333,414,479.226479
73.697,340,480.218928
-103.545714,2069,483.820266
43.675,340,484.776764
28.548667,831,486.648288
-53.698333,1929,490.019321
32.541333,1030,497.327955
68.975524,418,498.448546
33.353667,974,500.540432
65.354,340,501.578918
53.349,1316,504.060892
107.876333,1330,507.134886
-67.939333,1144,510.431618
52.871667,1623,513.677954
88.218667,719,515.556533
57.064333,1628,524.559273
33.345667,847,526.451187
53.903,789,528.358794
93.685667,340,529.399757
73.524333,414,530.558317
-47.55619,764,532.398523
47.907381,1641,535.722116
-57.494,761,537.668497
92.766,1079,547.114763
-66.392333,984,549.490588
-28.093,1183,551.909878
73.607,340,552.969226
-66.170333,804,554.974006
-73.676,1334,557.145582
62.556857,2009,561.177403
103.337,577,562.844935
63.71219,417,563.947746
-58.164333,1379,572.714887
-61.619667,1017,574.935027
77.243476,2309,579.56052
64.464238,410,581.208388
74.135,414,582.967374
-38.154,1114,585.766651
97.912667,963,588.008555
-109.360714,1751,595.885503
58.842,941,597.912658
53.306571,1193,600.332546
53.02,1150,603.245732
-130.052667,2409,607.829257
-43.967857,1560,611.077131
-125.187333,2177,619.922578
42.685952,1935,623.741386
78.678667,340,624.788547
-116.336333,1398,627.743957
51.395,2305,637.819964
-62.525667,950,640.087272
-94.643619,1544,643.626391
48.299714,1590,646.762692
-73.623,1019,649.032932
-89.064,817,650.998529
37.771,947,653.231075
-49.119,2329,663.864445
-47.896333,1303,666.698006
73.606,340,667.76203
-63.021667,1060,670.545621
38.407333,1262,673.45476
-16.265,1341,676.409414
44.052,2700,688.86026
103.326571,1170,693.120888
-33.475714,1093,696.944971
73.112667,1056,700.518864
73.612667,414,702.307989
-48.994524,1291,706.147371
37.669095,1074,708.536207
73.489,414,709.653584
-69.823,1193,717.098575
103.161667,687,718.876905
-71.105381,1339,721.628867
72.884857,880,723.741742
7.768,1557,726.796144
-85.507762,1043,729.195412
68.358,1314,731.861922
-62.090762,1638,742.223455
73.505667,845,744.165178
-50.687333,1167,746.686523
64.592524,416,747.752759
58.243,1109,750.122989
-63.890333,1748,753.484569
112.858,1411,757.380321
63.621,340,758.96007
43.265667,1105,766.908104
63.908,414,768.001473
-78.532,1933,771.499429
57.718286,1460,774.290619
17.800667,1533,777.182695
43.566667,715,778.886674
-73.982667,1152,785.917266
8.457238,2700,790.640929
-63.324333,1428,793.490591
47.503476,1278,796.138051
-54.032667,1451,798.350582
88.014333,1457,806.497262
-55.342667,819,808.401917
63.286,754,810.230873
58.000667,1204,812.673641
-76.862,1245,815.202761
-57.206333,757,816.946149
69.11819,876,818.79262
-53.580333,1046,820.650108
53.266667,1229,828.288378
63.076286,1853,831.743494
91.923429,1736,834.935156
42.211,1234,837.334911
73.215667,1212,839.760678
83.572333,340,840.747045
37.777762,1700,848.897988
47.00581,1966,852.466027
64.849667,340,854.050321
82.178333,1714,859.593572
-58.958,734,862.09353
64.133333,340,863.756697
-12.766333,1097,867.439105
47.231238,1815,877.215649
113.311667,1006,879.463259
58.196286,1107,881.780899
-57.331667,554,883.336072
-109.650476,2306,887.283941
73.364667,704,888.908046
-60.516,1149,891.251342
63.072667,1154,893.519206
-76.027,1087,901.049031
64.893667,414,902.057661
63.636524,415,903.112598
28.021714,1412,905.78469
64.031,414,906.799278
-70.845,1118,908.957492
-71.514667,1502,911.697159
58.437667,809,913.499556
57.287286,2050,922.4228
53.963667,815,924.214789
73.896619,411,925.204585
37.863667,1267,927.57513
63.968333,414,928.626374
63.448333,340,929.644379
-94.073333,2366,933.657629
2.600095,1952,942.407311
-76.133333,764,944.164015
93.338333,863,946.078775
48.09,1127,948.360967
-79.803667,1737,951.516273
63.771286,414,952.570643
-90.140952,2474,956.581474
-86.290333,1344,964.677828
-105.687952,856,966.593811
68.694857,415,967.657974
63.528333,414,968.69737
-79.555524,1130,970.961123
57.985667,1065,973.15991
107.236333,1367,975.806142
-70.622,599,977.300683
22.470762,1583,985.419869
-73.356905,1069,987.626145
58.547476,1003,989.598671
23.399667,1013,991.715433
-43.120333,1383,995.203418
97.552667,1122,999.035201
-83.495333,872,1001.227941
-67.17,606,1002.953331
-80.99619,1029,1013.114949
-65.481,919,1015.666698
43.088571,1164,1019.136742
-83.771,699,1021.612022
-43.513238,1062,1024.175239
97.61181,1437,1026.978392
117.893,1229,1029.350056
-73.422333,579,1030.592572
-58.090048,1335,1038.441844
-82.935667,1197,1040.720789
59.284,1198,1043.055452
98.125333,1101,1045.420002
57.893,822,1047.329263
43.061238,1458,1049.94452
-79.265762,1122,1052.254373
58.582667,1086,1060.087123
-66.254333,1178,1062.517279
52.802667,1462,1066.427953
-69.131952,1750,1070.751056
92.782429,1057,1074.693788
53.322,853,1077.632236
93.542857,1881,1088.341464
-66.112667,1093,1090.547072
28.632,1089,1092.600422
47.189333,1648,1095.195848
-43.551619,1612,1097.77357
62.76881,1195,1099.801222
22.599333,1377,1107.32824
17.222762,1525,1109.865503
63.636,667,1111.320807
-69.297571,1868,1114.405766
57.030238,2378,1117.908362
-71.553571,1059,1125.61823
82.440333,1900,1129.585442
-75.298,745,1131.996706
-73.306,583,1133.283955
-47.628,2700,1136.490987
-48.138667,1086,1138.372437
68.372,1086,1146.798024
52.518,1237,1149.296939
73.657619,411,1150.29353
62.685476,1694,1152.901993
88.736333,340,1153.847874
-74.729667,1366,1156.619967
73.372667,414,1157.614963
62.813,1389,1159.995602
63.74081,847,1161.533069
-104.609952,1856,1168.180469
63.906667,414,1169.047245
-58.189333,1140,1170.936386
-88.866095,853,1172.551314
66.935571,1641,1174.978879
-28.727143,1665,1177.379836
-60.354,746,1178.793181
78.474,668,1184.941713
63.91,414,1185.906097
-134.216714,1464,1188.222761
-102.116571,2191,1191.399545
-95.923,1149,1195.074941
73.649429,1153,1198.408608
-58.125238,1262,1205.57667
82.691667,1532,1208.105858
-66.935714,1593,1210.41956
-63.891381,1862,1213.053232
-96.068857,1371,1215.221075
-74.254333,1557,1217.469081
-88.212,1467,1224.241749
-76.239238,1737,1226.675723
-52.968667,1099,1228.451712
63.495667,766,1229.887957
-109.312333,1557,1232.252744
-62.275,772,1233.696119
-2.440048,1848,1240.725567
68.587333,340,1241.574562
-70.444,873,1243.199906
-46.323,1489,1245.475618
58.099667,1090,1247.214524
82.598,1513,1249.487642
-70.299143,748,1250.944449
82.503667,1305,1257.350725
-84.228381,1248,1259.20413
93.125524,420,1260.180665
-72.988333,917,1261.89612
-49.60019,1869,1264.640922
-100.662667,1048,1266.422572
48.148,1358,1268.890363
38.326667,1231,1278.09672
-53.345667,1706,1282.238055
83.119381,741,1283.873831
-76.0,750,1285.522127
124.45719,1289,1287.749156
53.212667,1042,1289.557674
68.608333,1063,1292.166342
82.868048,1579,1299.453981
63.23319,418,1300.424988
64.334667,340,1301.299326
-93.24519,861,1302.896304
-81.37019,1289,1304.952502
-68.533,1845,1307.595185
72.93,847,1309.109303
-74.103429,2026,1311.832362
12.867571,1355,1321.504001
36.898286,1211,1323.64149
-70.894667,1131,1325.664649
-47.145,1781,1328.457505
64.881667,340,1329.350284
58.414333,414,1330.326786
53.797333,888,1332.046995
73.199,666,1333.445789
-48.309905,1465,1340.96215
57.982,1606,1343.541705
32.81,1392,1345.884654
-93.746333,1249,1348.060532
83.507667,756,1349.681953
68.618,340,1350.823347
-70.383,2141,1359.190736
-13.263381,1467,1361.466159
64.827,340,1362.290335
62.894,1468,1364.528816
-83.434333,721,1365.937271
-123.574143,1810,1368.727401
-30.656333,1049,1372.806825
-72.769,949,1383.733315
63.982333,340,1384.72016
-28.268667,1352,1387.176336
52.549667,1054,1389.151065
77.413,1689,1391.917148
-58.638,1880,1394.993724
57.817667,1018,1397.390428
72.681,1309,1406.398216
-64.627333,1407,1410.116934
93.633333,340,1411.436777
-81.280095,1339,1414.334922
27.760333,1527,1417.226012
-73.320667,1932,1420.529215
38.126667,1384,1429.25935
64.285,340,1430.297786
-87.679667,1122,1432.652706
-82.939762,1378,1435.315945
-89.266667,1467,1438.032562
-54.559429,1250,1440.413295
-88.871429,1723,1443.459249
39.099857,416,1449.804339
-45.679,900,1451.4516
92.369667,1327,1453.555318
-60.776333,919,1455.189591
13.089238,1728,1457.678151
22.605,1520,1459.918781
59.022333,340,1460.745513
-66.041,871,1462.251522
57.373667,1402,1468.929312
37.096429,2061,1471.712295
-75.844667,1145,1473.568376
68.575667,340,1474.39028
-90.576,920,1476.091532
-79.027952,1979,1478.794928
63.524333,1118,1485.010294
54.249667,738,1486.480307
63.194095,1426,1488.646851
-31.765905,1533,1490.873461
57.936905,1581,1493.148842
-53.194,1075,1494.889648
62.957667,885,1496.529098
-33.183333,1460,1503.079158
83.271333,1246,1504.972791
83.477524,2400,1508.202373
102.638333,1108,1509.915751
78.554333,340,1510.727078
58.307667,862,1512.286953
-83.021667,654,1513.575028
-44.986333,1741,1520.550153
-57.738,1158,1522.355437
73.576667,414,1523.235234
-53.217667,1346,1525.351891
-118.475333,1334,1527.399192
88.011,1501,1529.565429
-50.687143,1170,1536.534012
117.056667,1656,1539.061854
-108.906,1191,1540.610703
46.363571,1783,1543.137929
-59.434762,2291,1546.189777
88.63919,453,1547.133114
-93.993,1303,1554.524799
91.215667,2618,1559.271137
-68.765143,1594,1562.871572
78.243,1185,1566.085943
78.524,414,1567.165019
-53.908381,1712,1575.240053
-70.361667,743,1576.862128
58.157,644,1578.219926
22.926905,1522,1580.514458
78.781905,748,1581.901427
73.415286,410,1582.782049
63.502667,1240,1584.752491
-45.395524,944,1586.323567
54.822333,1139,1588.159423
63.109333,1309,1594.825967
73.513667,414,1595.692833
-53.980333,1540,1598.017491
89.903667,938,1599.667471
62.898667,1029,1601.697272
64.306667,1014,1604.431997
-75.825667,783,1605.666804
52.574667,1959,1613.568334
38.33,956,1615.722352
32.600333,1167,1618.648526
-65.021,524,1620.333632
-70.716667,1001,1622.432816
96.958,1766,1625.412679
88.338,894,1627.238198
47.973,1285,1631.444617
-68.334,1011,1640.33335
-77.920667,1258,1642.791304
-25.207667,775,1644.448785
-59.887571,1961,1647.499131
-28.564429,1158,1649.565326
78.507476,360,1650.485504
-75.519,1013,1652.432685
-44.185,1439,1660.391594
-149.346429,1746,1663.350748
88.489333,865,1665.020334
-83.139667,1149,1667.114036
3.494,1658,1669.900126
65.115,340,1670.820343
43.210667,1413,1673.241997
-57.718333,1059,1680.284712
82.783952,1838,1683.247367
-73.453,1167,1685.399062
-87.366,1516,1687.990998
73.554333,340,1688.904226
43.705333,954,1690.750967
52.750857,1148,1692.815318
-99.364,2358,1701.582635
-89.465333,1740,1703.800504
82.473714,1586,1706.398723
-107.163667,1696,1709.326864
-52.838,2003,1717.557858
-48.432,1218,1719.569521
-75.483,941,1721.224958
66.323048,2638,1724.829952
-75.939333,1269,1726.779674
63.362667,414,1727.68585
53.013714,1410,1734.695349
59.058667,340,1735.563195
38.109762,1362,1739.116277
-90.756524,1093,1741.873981
82.728667,1579,1745.671819
48.497,869,1747.769679
-63.541333,821,1750.242
47.454905,1835,1760.071041
67.779333,1178,1762.200154
-69.108,955,1763.982788
62.888333,1246,1766.121214
73.617333,340,1767.032642
64.463,414,1768.071178
74.15219,451,1769.113756
-47.575333,924,1770.93889
63.971333,414,1771.950703
-34.370429,1816,1779.21082
69.065857,418,1780.331964
-42.482667,997,1782.30482
-95.672333,1073,1784.31864
38.541667,1063,1786.252182
67.921143,1095,1788.279477
-87.193952,1854,1791.274726
-71.417524,1320,1793.894892
-50.421,730,1800.517842
47.488571,1224,1803.209962
73.757667,851,1804.861992
68.081667,787,1806.45329
-62.986667,1345,1808.599325
29.915333,1333,1810.771104
58.204333,1161,1812.669059
-61.28,1140,1818.997187
63.336,918,1820.699195
-61.499524,1085,1822.453959
69.689333,340,1823.277715
-74.929143,835,1824.768947
-63.118,1332,1826.895777
127.714952,1726,1829.591448
-62.774667,807,1832.400946
-113.967,1488,1842.068902
-63.540952,1374,1844.580419
36.738333,2006,1847.618382
27.472333,1399,1851.498201
-43.216333,1518,1855.642191
28.463333,828,1857.358388
58.762333,414,1862.897808
-80.749143,754,1864.486675
-124.019476,1906,1867.277853
-63.748,1923,1869.900747
63.546333,721,1871.267061
-98.417762,1270,1873.225114
87.830333,900,1874.808186
53.06319,901,1880.851071
67.937667,963,1882.533325
-94.001,868,1884.067412
63.014333,902,1885.634879
59.114762,417,1886.523487
47.96,933,1888.168475
-92.814333,1277,1890.141024
73.490667,414,1891.026018
63.598667,684,1892.411728
63.712333,340,1893.247397
73.625667,340,1894.109815
81.484524,1983,1901.364223
67.964333,1564,1903.692566
-70.223381,1590,1905.994153
3.888333,1457,1908.132468
-48.655667,1226,1910.006086
57.724762,1037,1916.190541
-81.339333,1084,1918.00307
73.565,340,1918.810516
-58.000667,1276,1921.649277
-70.152333,2387,1926.227749
23.561,1034,1928.14982
-39.385143,2117,1936.542035
63.586,414,1937.583634
63.608333,340,1938.535686
-41.617429,2700,1942.605964
58.554333,340,1943.511397
-38.16019,2700,1947.371943
64.203667,414,1948.346578
-63.224667,939,1955.166051
-50.08,506,1956.654185
-4.888238,2050,1960.101277
82.190333,2002,1963.249378
73.39,933,1965.135954
-101.370333,1455,1967.581587
62.976143,1084,1974.568242
63.818,414,1975.62958
83.302333,703,1977.20415
58.586,1036,1979.11798
41.496476,2033,1982.297869
-72.357667,1858,1985.229386
48.21,1232,1987.387268
92.118,1238,1994.578094
78.679524,416,1995.609095
-83.933381,1913,1998.679678
67.30281,1623,2001.24063
-65.987667,885,2002.947015
73.044,805,2004.570925
-80.372143,880,2006.339133
-80.855524,1033,2016.895246
-33.016,2467,2024.798486
63.018333,1014,2028.416969
-57.927333,1291,2031.056288
-23.796,1739,2034.352873
-45.453952,1032,2036.229134
-73.353333,1319,2042.710965
-83.731,812,2044.26202
-78.483333,853,2045.850565
47.814571,1237,2047.825466
73.552333,340,2048.68496
47.640905,1500,2051.072935
22.905,1713,2053.578067
-71.579333,1428,2060.1163
57.918,1338,2062.292948
-56.08719,1125,2064.125021
63.334095,1138,2065.958168
57.111381,1883,2068.536835
-93.536524,1886,2071.26673
-81.478667,1062,2077.568661
73.566,340,2078.403569
63.714667,883,2080.013863
-46.329571,1269,2082.28885
-2.558524,2700,2086.10274
-60.756,1051,2087.845877
66.676333,1662,2094.894208
-102.321905,2045,2097.784571
-99.008333,1286,2099.430491
-76.840762,1798,2102.113291
-18.121143,1489,2104.392709
-72.802905,2208,2111.821248
57.61419,1130,2113.680974
-84.083667,860,2115.222368
-81.737,1352,2117.321989
73.576667,340,2118.157904
69.058905,411,2119.097608
-13.703,1388,2121.346682
-73.235667,2700,2128.575342
62.868,1302,2130.64049
-55.49,2287,2133.983428
73.593667,340,2134.958663
-113.909333,2000,2137.973355
73.162286,721,2143.836071
-51.827762,1497,2146.220177
53.310667,918,2147.847798
93.032,669,2149.205706
-78.781667,1989,2152.05035
38.447333,827,2153.538655
88.561333,340,2154.384997
77.133,1762,2156.996497
-88.96981,1765,2163.998043
-99.410476,2188,2167.002434
-88.602762,1443,2169.198673
73.629619,414,2170.10843
-63.955667,1433,2172.289143
-38.574,1180,2178.59928
-84.277,1359,2180.313426
-58.020667,877,2181.911538
84.074095,515,2182.885138
-70.421667,751,2184.717689
87.866905,1170,2188.704806
59.15419,426,2190.50008
63.243667,1356,2193.997365
-69.620333,1406,2201.02564
-68.137,1440,2203.78662
77.068857,1827,2206.741637
-65.485,970,2208.524786
-70.698,781,2210.163409
23.741143,953,2212.090409
-62.622571,1202,2214.2961
103.235952,724,2215.883773
57.815,1149,2223.149508
-51.313619,1150,2225.299122
-76.562381,1451,2227.927958
56.191857,2356,2231.605594
-76.053524,1446,2234.066888
74.140667,914,2240.71739
-63.157667,1176,2243.08281
47.176333,1287,2245.378467
27.474905,1467,2247.864816
52.651667,1026,2249.838632
-80.66281,1211,2252.057646
78.587667,340,2253.034222
72.665143,1825,2263.397029
63.908,414,2264.78581
-42.072143,1918,2267.812571
67.802381,918,2269.4184
87.679333,1104,2271.266023
-45.220333,2450,2274.5967
38.441,1179,2281.04902
83.596667,340,2281.987212
73.578,340,2282.933514
77.234333,1225,2285.0036
56.45081,2469,2290.675719
98.655286,413,2292.559531
-7.596429,2039,2297.913403
47.69,1473,2305.04061
-58.127333,1066,2306.902748
-122.953,1464,2309.162477
-69.643333,1227,2311.060277
72.377333,1231,2313.063213
-23.682667,1354,2315.142145
56.700143,1880,2322.289702
-60.629333,885,2323.926951
64.115238,425,2324.843507
58.1,702,2326.27261
48.163333,1280,2328.277414
52.055,1523,2330.471083
53.478667,677,2331.82056
-58.479429,1086,2333.764533
-68.968333,1574,2340.675554
-46.914667,1228,2342.674616
67.603333,1214,2344.651803
62.575333,1324,2346.720811
58.546333,340,2347.592478
82.735,1086,2349.379417
98.642095,441,2350.269057
63.047333,980,2351.984257
53.043286,1411,2358.788908
83.007619,1747,2361.417517
-68.660667,1158,2363.312198
63.304333,847,2364.84994
-48.862333,983,2366.592526
-83.701333,2053,2369.463855
73.532667,340,2370.308359
62.095667,1563,2377.27157
-50.214333,1179,2379.20664
54.016952,409,2380.126771
73.48,414,2381.074957
-66.443667,762,2382.610477
-53.297333,1466,2385.074401
37.442381,1362,2387.196384
92.733667,979,2388.887278
103.555333,340,2396.869683
-41.808,1080,2399.238775
-61.029333,1448,2401.738746
42.641667,1498,2405.757744
78.174,900,2407.920261
-73.878333,1191,2409.62309
83.366952,410,2410.707466
-78.566,971,2412.192397
-76.513333,943,2420.509494
42.805333,1577,2422.919701
82.327,1481,2425.103302
64.327619,424,2426.001848
-54.2,1101,2427.944238
58.752333,433,2428.886981
72.728857,1314,2430.895581
42.004667,1655,2437.619336
-7.188667,1903,2440.333037
-67.060619,1749,2442.824732
93.623476,507,2443.784045
21.654,1665,2446.181669
-75.730333,732,2447.559206
-99.756095,2036,2454.891233
107.149333,1459,2457.073594
64.65481,1085,2458.832684
66.83881,2043,2461.51491
57.920667,1074,2463.258299
47.767905,1731,2470.029995
83.141333,978,2471.831566
64.584,414,2472.739761
73.505667,993,2474.497
68.577333,340,2475.355585
93.549667,340,2476.226259
52.482667,1845,2478.841298
-66.940238,1450,2480.924412
-52.731381,1039,2482.624819
68.570667,919,2488.707475
73.563,340,2489.725226
58.139,679,2492.269018
63.928333,340,2493.57634
-23.63,1208,2495.551501
42.243667,1471,2498.050033
-69.136,686,2499.588952
-23.250667,1367,2502.064451
-123.063333,1216,2504.560133
46.884667,1940,2512.247121
-88.335238,1733,2515.020263
-57.939429,1288,2517.245247
-81.245333,939,2519.515063
43.099524,1046,2521.580013
68.576333,340,2522.460706
53.529238,422,2523.532313
93.172571,1381,2530.880745
63.160667,414,2531.814896
43.109143,1208,2533.688284
-113.47119,1498,2536.009925
-56.066524,1507,2537.751986
-98.328,1446,2539.906057
78.736143,437,2540.776502
-44.156333,2092,2548.571478
-22.149667,1904,2551.228802
-26.601667,2700,2554.797907
-61.454048,1266,2556.707498
84.023667,340,2557.506948
97.916143,856,2559.365318
11.337667,1734,2566.477967
-134.269,2282,2569.468214
52.213333,1892,2571.990325
63.417,414,2572.865827
66.505667,1807,2575.379256
68.470333,414,2580.802934
73.587333,414,2581.726201
-56.965333,1876,2584.300155
-60.319667,1360,2586.358372
82.728667,932,2587.998423
-35.329429,2669,2591.341977
-17.842,1186,2597.947805
-47.623333,1917,2600.509887
-60.574667,946,2602.103323
43.371667,1071,2603.890847
80.789667,1891,2606.526442
58.669667,340,2607.358374
30.486333,2676,2615.4086
63.729667,414,2616.295159
-53.705333,1526,2618.639082
47.388,929,2620.237549
83.070333,929,2621.899845
12.426,1518,2624.23954
78.538667,340,2625.103853
-49.078381,1774,2632.171848
-88.737667,895,2633.543287
-3.550238,1589,2635.919412
-81.057952,1293,2637.975727
-52.943,966,2639.61158
87.357333,1291,2641.657566
58.959,340,2642.509162
83.660667,340,2643.533543
-80.998095,1207,2650.830445
-66.141333,1066,2652.544172
38.215524,1205,2654.435691
64.814,414,2655.338409
67.662,989,2657.079641
83.391333,1105,2658.911394
63.242857,436,2659.840941
-62.015333,1626,2662.160402
-35.194429,1855,2669.490899
-85.297667,1724,2671.407405
47.703667,1029,2673.101714
-71.088,994,2674.78449
-83.54,507,2675.762952
64.013286,425,2676.679785
-100.676048,1201,2678.64157
102.617,1377,2685.363465
72.557667,1223,2687.416553
56.922333,2700,2690.206613
-58.89381,1500,2692.409196
53.014,1124,2694.23138
-84.692667,1189,2696.135007
-58.806571,1510,2702.860651
-106.454095,1099,2704.65679
-63.925857,1883,2707.288115
63.541333,340,2708.141501
17.953524,1726,2710.605238
92.982,1143,2712.452493
-72.297,1254,2718.890713
-59.334429,2137,2721.787095
-64.682,1708,2723.774207
76.977667,1280,2725.768707
-84.238714,2009,2728.673757
27.97381,1773,2736.008286
-61.518905,1463,2738.119475
57.821333,1305,2740.234562
87.676333,869,2741.773742
62.381048,1601,2744.120836
132.835,1393,2750.565325
-76.656952,1286,2752.750202
2.546333,1391,2754.911798
37.893667,1133,2756.6675
21.043667,2310,2759.791008
68.348333,848,2761.310306
-58.643,1404,2767.824939
42.677667,1007,2769.577028
-78.638143,1666,2771.972391
87.590143,1294,2773.930815
52.932333,1237,2775.864995
-47.277714,1813,2778.457771
-73.43519,1689,2785.705361
-78.386,843,2787.284841
56.647905,1808,2789.844229
-47.83519,1054,2791.614718
36.89519,1863,2794.417848
-112.606571,1427,2796.796399
12.083857,1734,2804.179543
-67.794333,844,2805.670411
73.588,340,2806.500236
-86.473476,896,2808.105496
87.522333,1005,2809.826832
-12.726667,2700,2812.574412
74.371619,425,2813.476221
-22.690667,2700,2820.8528
-106.516952,1730,2823.339188
78.095667,697,2824.646288
-68.315048,1415,2826.800871
122.384,1213,2828.747757
52.751,1136,2834.963712
77.933333,1091,2836.851521
-74.770095,1142,2838.718377
-42.81819,2626,2841.38249
-34.256286,2024,2844.144406
-74.695333,1743,2850.661882
77.543,1644,2853.031532
44.007286,413,2853.908483
-66.702333,1486,2856.159833
98.704524,2132,2859.111317
-73.156571,2389,2867.079946
48.585667,798,2868.566498
22.707333,1227,2870.554756
87.638667,1732,2872.95586
63.96,414,2873.833697
-99.493,2207,2876.890071
52.326667,1216,2883.256987
-60.009857,2336,2886.410074
-60.965667,866,2887.931504
-57.865333,625,2889.187068
58.455333,1055,2890.95459
-16.31,2636,2893.717554
-59.166,2076,2900.9924
58.387667,782,2902.435507
-58.333333,1215,2904.326253
-22.266333,1737,2906.822854
53.071333,901,2908.420261
-39.240143,1732,2915.377461
73.551667,340,2916.277549
54.011667,340,2917.107337
-73.200667,1029,2918.836385
73.524,340,2919.698705
58.571667,737,2921.198653
63.260667,1155,2923.09982
-72.908667,1267,2925.092152
78.50681,443,2925.998568
92.208333,1388,2928.069033
-53.771,1004,2934.167585
47.703667,914,2935.903616
54.158333,603,2937.135714
-73.238667,1597,2939.479896
57.788,975,2941.167368
41.508,1767,2943.724797
-73.002333,902,2945.288444
23.756476,980,2946.891359
47.578571,1922,2954.085958
74.025667,414,2954.933053
-42.274,1201,2956.843988
63.111333,1037,2958.580735
78.221667,989,2960.297224
42.949667,1099,2962.105885
106.740048,1665,2968.904244
-58.439,1569,2971.405694
-79.393,1676,2973.408064
55.338667,340,2974.221831
93.628381,404,2975.133254
11.854333,1750,2977.692639
73.545667,340,2978.531946
78.226,573,2979.827158
-93.704143,1771,2986.916712
61.74,1717,2989.481984
-73.906,1225,2991.108221
-76.557667,1670,2993.525696
-70.312333,2421,2996.867945
-54.747,2347,3004.975657
82.466333,1393,3007.189256
-55.738,768,3008.642505
-49.553905,1025,3010.439752
11.279714,2275,3013.473068
-58.102,1290,3022.410111
20.439381,2700,3026.631707
3.089667,2700,3030.676064
63.147333,867,3032.427109
77.454667,1432,3035.963914
-90.41,1786,3050.275913
77.989333,1073,3052.891168
-7.509333,2700,3057.145434
-90.958333,1141,3059.555936
-19.738333,1466,3067.529534
58.586667,1014,3069.60898
57.704667,1078,3071.545482
-48.386,904,3073.327815
73.444333,414,3074.391132
-133.958476,1860,3078.267791
63.578524,417,3079.55504
-91.572381,2632,3087.687035
-42.124333,1499,3090.044004
-48.312,1497,3093.075464
-66.087333,786,3095.332881
69.723333,340,3096.528883
-95.967,862,3098.747268
73.532667,414,3099.80029
-73.681,1126,3101.912303
62.85481,1200,3104.034109
-71.729667,1177,3110.779386
73.071,1061,3112.593953
28.260429,1333,3114.769663
-76.058,1316,3116.927699
-94.303667,1093,3118.816159
-134.966333,1947,3121.103526
-39.584,1647,3128.18914
72.758667,1570,3130.586498
63.917333,340,3131.458396
-110.846667,2079,3133.873216
118.339,514,3135.086259
-69.186952,1345,3137.166514
62.540143,1821,3144.609768
48.365333,1322,3147.038942
32.491333,1623,3149.600142
67.726905,1313,3151.687042
102.095619,1252,3153.753231
-119.250857,2700,3161.510745
-54.320571,1578,3163.949043
67.520048,970,3165.785299
31.563714,2106,3168.995862
53.253667,952,3170.735415
103.449,414,3171.691999
-96.338333,1404,3178.554806
37.65,1284,3180.713958
87.197333,1601,3183.154038
82.596,1443,3185.417355
68.625286,413,3186.342305
82.21119,1940,3189.242545
62.761524,1204,3195.715182
73.55,340,3196.687268
108.547,340,3197.60288
-68.621333,1578,3200.07582
36.979,1052,3201.851003
76.664333,1747,3204.425993
-37.780667,2700,3207.392601
-93.037,1931,3214.927735
-46.316286,1168,3216.851237
53.456619,1081,3218.704328
-74.603667,1006,3220.182594
-51.969667,1546,3222.622235
10.716333,1979,3230.006223
-78.183667,1546,3232.533568
-22.058429,2700,3236.294266
72.727667,1014,3238.085293
-102.941333,2700,3245.819641
-68.451667,1135,3247.869266
68.572,340,3248.736938
91.563762,2212,3251.841003
-89.313333,1232,3253.489105
73.327143,607,3254.803154
57.69,1090,3256.683284
-63.949333,1322,3262.9532
-17.836,2700,3265.887111
82.891667,1167,3267.881107
-56.14219,1384,3270.460766
-78.642333,1538,3273.153274
-38.822667,1458,3281.934083
-74.415095,1284,3284.462592
-76.422476,1396,3287.092337
73.537667,340,3288.85812
-73.122667,1252,3293.354155
87.957667,987,3295.564497
-49.581333,1288,3297.53827
-45.211238,1623,3304.638053
68.935333,340,3305.605912
-53.268381,1884,3308.315984
73.551,340,3309.154057
64.374667,1081,3311.451232
-77.911667,1242,3316.388662
77.814905,863,3319.139481
-91.349,1446,3323.811472
-88.914857,1724,3340.729265
-11.355286,1918,3346.247002
-66.38219,1228,3350.082628
57.93,1005,3353.326098
73.468667,414,3354.909752
73.586333,694,3357.477472
-84.478,1109,3360.927415
73.61,340,3362.439261
62.438,1054,3377.850597
-83.734048,1617,3383.189039
-65.452,864,3386.046199
-93.18281,1508,3390.364186
-94.322143,1552,3394.76053
-70.644762,2685,3411.460024
17.410048,1540,3415.931708
-51.581333,1087,3419.60829
-62.993,1225,3424.576279
-40.25481,2022,3431.502246
108.125429,912,3434.690678
48.767,1212,3442.796719
93.555667,340,3443.73038
97.083857,1253,3445.897758
7.488333,1416,3448.087949
111.910571,2084,3451.044564
63.563619,410,3451.912917
73.537333,340,3452.820959
-73.881095,1084,3454.81338
67.530667,1098,3461.666993
78.533333,340,3462.570067
-38.725667,1820,3465.318143
-106.678667,1601,3467.64704
78.851905,1427,3469.87583
-58.576,1196,3471.84263
-78.477667,763,3473.051629
63.282333,752,3479.222369
31.59619,1936,3482.08342
57.646,1328,3484.19915
62.316,1544,3486.56156
-93.119667,1435,3489.057816
-57.104381,1686,3504.79462
-81.587,1230,3509.742052
-48.818095,1674,3514.071498
88.786667,414,3515.531755
-27.467667,1934,3521.042619
-76.087333,1153,3524.487959
66.307238,2027,3533.818931
52.593,1046,3535.895292
-58.947667,938,3537.824406
93.972333,724,3539.487888
57.503,1286,3541.771957
-80.682905,911,3543.57794
52.332667,1028,3545.709361
43.651,627,3547.555906
-73.45681,1533,3555.063398
-43.277095,1256,3557.125936
37.749,1293,3559.174046
73.539667,340,3560.034962
56.95519,1827,3562.706287
-94.405667,965,3564.434741
58.522762,419,3565.408159
71.334238,1599,3573.553324
68.057143,1007,3577.119361
-71.017,1212,3581.239011
-93.621333,1592,3585.779778
42.722,1302,3588.814332
69.539,733,3590.752592
73.547,340,3591.947911
57.587,1354,3594.877428
-76.672667,1399,3601.982766
-104.765333,1577,3603.910183
78.462333,414,3604.791212
-7.149,1499,3607.062234
-79.641333,1732,3609.539191
-86.635333,1088,3611.250441
66.876,1610,3618.222823
-38.730667,1307,3620.19803
54.041667,971,3621.853405
54.712667,986,3623.485427
-53.214667,1397,3625.599153
48.055,1289,3627.592237
-95.035095,2341,3635.234089
67.031905,1762,3637.739865
81.908476,2084,3640.560558
82.473524,1444,3642.74484
73.53,340,3643.609251
78.557333,340,3644.514511
71.705667,2187,3652.024702
47.509333,1501,3654.270862
98.814,414,3655.159947
76.561429,2096,3658.073418
-67.179429,1634,3660.428202
73.482667,414,3661.312346
-69.817667,1657,3667.817386
-47.487667,871,3669.401446
88.58019,1133,3671.689694
-79.252667,989,3673.38844
-59.50181,1860,3676.380104
-88.80319,1343,3678.710304
-74.637667,1918,3686.338732
-58.663333,1062,3688.204987
83.299,1226,3690.278594
-64.165381,2295,3693.712814
-65.997,754,3695.244774
87.508667,1211,3697.289554
-74.704667,979,3703.826167
-49.017667,1222,3706.045363
48.683667,909,3707.707971
48.356,798,3709.280639
22.486571,1094,3711.115053
68.474667,712,3712.540419
-31.336333,1408,3714.779191
-81.248,1392,3717.002548
-68.338667,1478,3723.940829
-73.945714,1566,3726.324928
76.616667,1960,3729.211442
-59.158333,889,3730.90995
-65.623333,765,3732.42645
64.279667,414,3733.360771
57.790667,1245,3735.409247
-73.22481,1515,3742.467067
-23.811952,2700,3745.397964
73.095667,1248,3747.368181
-45.154333,1724,3749.459454
73.551,340,3750.370331
-108.53,1678,3757.9654
-64.421619,1124,3759.802004
71.741048,1930,3762.919281
53.256,1079,3765.041855
63.109667,992,3766.817802
66.73781,1909,3769.635365
-80.917667,972,3776.096362
-67.607333,943,3777.819685
-79.237095,1728,3780.447722
-47.718333,970,3782.216084
63.438333,704,3783.64433
73.068667,340,3784.512254
-49.971333,1744,3787.192308
-76.876667,1213,3793.793144
53.275571,817,3795.441039
-76.208333,977,3797.24058
-39.038,977,3799.056764
-72.976333,1207,3801.128539
62.252667,1426,3803.339844
87.481667,1444,3805.669716
47.650667,1047,3812.462973
73.540667,340,3813.489569
-73.995333,1172,3815.921424
-119.839286,2169,3819.16134
-61.322762,1345,3821.282831
63.846667,414,3822.18896
52.594667,1438,3824.519407
-84.778381,2532,3832.672108
57.806,847,3834.243361
67.354333,1814,3836.942547
-84.162667,1589,3839.374296
48.068667,789,3840.967479
66.430333,1113,3842.922982
53.765095,1418,3849.999368
-49.525286,2145,3853.162585
91.689857,1929,3856.038557
-56.315381,1520,3858.020849
64.432762,340,3858.912746
83.60919,417,3859.898543
-94.047333,1917,3867.525405
82.753,1206,3869.575113
58.801667,414,3870.541535
-75.178333,628,3871.976288
132.408667,1231,3874.079174
54.007667,416,3875.018858
72.828,966,3876.75901
-44.553,2264,3884.848442
52.795,1306,3887.124357
-27.45881,2517,3889.941636
-103.540333,1435,3892.174357
97.221762,1854,3894.948602
73.483333,414,3895.904429
-53.135667,1200,3902.964373
88.492667,414,3903.957999
68.815333,340,3904.880439
-70.597333,1133,3906.957656
107.742143,1321,3909.087626
76.762905,1945,3912.003176
68.95319,413,3912.9502
52.387333,1418,3915.295807
68.108333,825,3921.639366
58.257,919,3923.300565
73.566667,340,3924.142437
41.89619,1824,3926.808582
-69.957048,2228,3929.900664
73.071619,1054,3931.721999
59.835333,1078,3933.700044
-74.062667,618,3939.571974
67.13,1263,3941.73727
77.469905,1818,3944.517403
-59.788333,1577,3947.008072
-18.420333,2185,3950.049157
-57.95681,1086,3956.551831
42.662333,1288,3958.776195
-63.742143,1458,3961.024579
22.072667,1584,3963.481919
97.448333,1166,3965.535046
58.937333,414,3966.459995
12.438667,1408,3968.764824
-23.070333,1904,3976.139891
32.741,1403,3978.346838
-103.761333,809,3979.891622
126.781238,2105,3982.912214
-69.995,2569,3990.948845
62.609429,1037,3992.892821
-46.460667,1320,3994.974999
102.181333,1638,3997.433105
-64.192286,1848,4000.166567
-88.731381,1728,4003.336188
73.638524,417,4008.969104
93.562619,410,4010.036785
83.99,340,4010.964617
58.513333,911,4012.688386
52.48681,1202,4014.689313
-49.205095,1699,4017.265153
-99.164667,2058,4020.282353
52.851,1253,4022.31864
78.281667,787,4028.755893
-92.437381,1497,4031.273702
-134.538333,1480,4033.725614
107.743333,1009,4035.571989
-47.516667,653,4037.20451
-70.526,872,4039.54044
-33.902762,1342,4041.964596
-66.982667,962,4048.137748
12.838286,1605,4050.624234
13.002333,1163,4052.622381
-64.29481,1138,4054.51328
-61.001,1159,4056.437935
42.152333,1260,4058.38738
27.51381,1548,4065.258956
66.677476,1655,4067.848172
87.173429,1746,4070.444032
38.322333,1862,4073.129785
73.139333,414,4074.023568
37.827048,795,4075.600384
-71.263,2420,4082.724533
-37.26219,2056,4085.562599
41.344476,2085,4088.502924
78.511524,428,4089.410972
27.534667,1462,4091.71049
73.516333,340,4092.55996
