#{"t_start": 1761658741.310066, "env_id": "None"}
r,l,t
-23446.254956,1296,4.527807
-24618.932572,1950,6.977031
-24040.645003,1729,9.22006
-8576.626194,1507,11.264116
-15861.456436,2700,17.810153
-10518.608173,916,19.205711
-20251.784675,1881,21.392985
-17578.411225,1528,23.180307
-15605.336401,1076,24.657033
-21202.407468,866,25.988157
-17988.800064,1210,32.433863
-26083.758579,1361,34.584097
-24077.086201,1645,36.94687
-16346.393289,1166,38.7487
-19112.012527,2700,41.843087
-23536.366295,1718,50.55451
-19411.258783,897,56.113237
-16507.761258,1265,60.812997
-3819.937529,1404,64.441985
-24553.188509,838,67.063201
-24805.726755,1541,70.915119
-19309.028394,1917,79.605624
-23504.260578,1059,82.307931
-19054.562466,1058,85.01287
-18653.720332,1160,87.658804
-19917.648863,1112,90.360491
-19903.5701,1129,92.588827
-15678.432667,1285,94.968087
-16309.094198,1209,101.20334
-2959.882091,1554,103.632883
-15889.116657,2565,107.258596
-18428.375669,1446,109.612917
-9041.519033,2700,117.135784
-19471.276108,912,118.964644
-4346.727707,775,120.676995
-16450.842613,1676,123.081933
-25330.83552,1386,125.320177
-15724.510075,2275,128.383276
-10670.956446,414,133.182761
-21629.13985,2496,136.448467
-10914.36671,2118,139.36102
-21207.910355,1505,142.081213
-17378.894787,2700,150.215778
-20263.161134,2576,153.745703
-19522.082566,1750,156.329762
-14958.020719,1175,158.352077
-13544.13268,1305,160.654745
-17013.086185,2002,167.629818
-14735.037936,903,169.271221
2556.12227,340,170.250082
-29123.266946,1262,172.1866
-23305.632078,1699,174.808607
-5042.045179,1389,177.007621
-28321.989483,1293,183.215604
-29165.93285,2121,185.94192
-14538.877044,1485,188.06539
-15260.752601,2113,191.056156
-31097.458602,1833,193.917921
-21139.795705,1587,200.774017
-14963.83457,2353,204.200603
-4298.169825,2700,207.861671
-27005.426376,2420,215.322984
-18131.117267,1236,217.592794
-19751.499411,1710,220.379984
-21704.724793,1467,223.501205
3258.602758,340,224.90713
-22391.25775,1438,227.414939
-18870.200964,2135,233.601165
-6353.311634,422,234.492698
-19828.967662,2005,236.756006
-10632.614492,442,237.686049
-17325.661921,1306,239.426326
-16129.880352,1925,241.598978
-5560.638768,2041,247.000283
-22264.913666,1938,249.176699
-38752.818722,1154,250.651599
-475.613556,340,251.488728
-21952.054646,1295,253.166194
-15440.476164,880,254.425615
-13456.120309,1539,259.25692
-26793.256091,1552,261.214183
-15749.166511,2090,263.536868
-22010.136942,1653,265.440046
-8517.801832,1199,266.967987
-11741.118178,1692,272.017632
-15866.985355,1572,273.998533
-25373.336406,659,275.073945
-20590.625918,1741,277.052592
-12534.002505,2700,279.760992
-13875.680813,1461,285.306523
-23681.429024,2301,287.897511
-24028.229329,2024,290.111488
-12088.401218,763,291.319355
-33039.554488,2166,293.595551
-8884.863573,1742,298.820633
-6180.792863,1707,300.808381
-23456.525177,1179,302.340408
-11284.907689,1924,304.462661
-36414.994941,1393,306.185223
-27951.813836,2700,312.17732
-18660.55609,1811,314.211555
-8519.308052,2700,317.066952
-6648.534363,1533,318.894657
-17563.341507,997,323.527785
-29123.870511,2382,326.0341
-6127.568912,1463,327.795849
-10751.337198,2373,330.319532
-14174.838201,1637,335.326082
-567.847128,340,336.194292
-16140.949657,668,337.320192
-20284.32315,1845,339.371215
-13793.076034,2134,341.661835
-21244.756069,1088,343.114269
-30486.534438,1217,344.644847
-4851.956169,414,348.607014
-16062.350197,2700,351.576515
399.806665,340,352.429231
-16517.647209,1822,354.563772
-8190.403742,1001,355.989131
-11361.977375,1427,357.767204
-12781.466355,1418,362.81298
-22813.972338,2323,365.327646
-26961.605423,1936,367.520475
-38258.960969,2700,370.277852
-12892.729022,1974,375.751878
-9657.714837,2069,378.125493
-22913.459805,2460,380.835644
-17530.47178,2036,386.193179
-4700.000796,673,387.467361
-7410.79534,1764,389.553708
-7479.522442,1940,391.773316
-5020.4319,1159,393.338871
-10735.097028,1129,394.812008
-16502.751755,1816,400.020906
-7270.183944,1326,401.782714
-13025.684463,1740,403.768715
-24557.888172,1340,405.439552
-11946.195264,2700,408.274398
-12943.172503,1529,413.624041
-10879.222548,1948,415.79936
-13581.46864,1397,417.515701
-27471.246964,1791,419.531671
-14843.153485,1610,421.407621
-23970.01461,1648,426.662853
-7674.881112,2146,429.337743
-8449.48494,2115,432.265383
3303.713882,340,433.110717
-20467.831872,1447,435.124177
-18864.742573,981,440.13825
-19121.954672,2700,443.374562
-236.444123,340,444.337774
-27030.858863,1760,446.636542
-18569.767046,1674,448.832084
-5770.031871,2293,455.085291
-11134.507857,1533,457.133793
-4548.790117,2108,459.758199
-12435.862803,1473,461.928289
-11410.44013,2563,468.681908
3215.649779,340,469.906571
-10901.673307,1628,472.368124
-17500.99156,2161,475.057313
-16332.433104,1404,477.032336
-4711.927434,1308,478.923824
-10162.119304,1013,483.955518
-5484.562346,1324,485.823809
-16455.078024,1705,487.978065
-14773.844615,2129,490.121433
-5894.442867,942,491.537918
1981.378778,414,492.473173
-12867.72401,1328,494.228041
-5755.379181,1939,500.099398
-5178.868084,1249,501.929712
-5027.877463,1311,503.836493
-15935.04052,2700,506.681553
-7994.541382,1343,511.56097
1816.83583,340,512.463871
-6612.148726,1293,514.144367
-10035.096615,1311,515.777038
3294.965542,340,516.596909
-14842.532306,2030,518.747619
-10830.128132,1336,520.391359
-19473.608029,1686,525.513267
-5949.652945,1726,527.588822
-18222.567958,2700,530.520667
-16882.950732,2005,532.706066
-6125.979873,1122,538.163092
-1265.541537,340,539.089795
-12969.074817,2419,541.669029
-8550.158407,1694,543.592084
-8393.02261,2287,545.921324
-11782.91576,414,546.765538
-29196.136163,2200,552.413974
-12119.469088,1265,554.009684
-5077.916927,1168,555.514449
-8802.653696,1398,557.186803
-5343.003465,1154,558.666671
-24449.707893,1955,564.032546
-14357.640863,1492,565.967417
-13002.230033,1191,567.493623
-11683.347763,985,568.83632
-24090.554872,2312,571.20223
-6952.009242,1464,572.975154
-17075.661701,1431,577.952888
-17403.143539,2323,580.438071
-4623.033541,1042,581.879431
-4645.994532,1251,583.726791
-12662.876749,2643,590.089706
-27417.586058,1479,592.06546
-4491.270276,2700,594.813955
-18428.370648,2043,597.043414
-21921.751439,888,598.3393
-17374.823052,1895,603.844122
-9040.998209,1612,605.756252
-6038.434279,1312,607.330163
-12648.154771,850,608.602766
-4609.058355,1137,610.124308
-7131.7875,1493,612.002477
-11438.757545,1805,617.384567
-324.587596,417,618.341803
-4602.027271,1135,619.91341
2562.083257,342,620.727419
-5022.710857,1477,622.523098
-4722.135746,1502,624.357639
-15459.156792,1960,626.614058
-5100.439758,700,630.986203
-11908.847122,1519,632.837047
-6125.768173,1404,634.617752
-5432.587061,1021,636.036938
-25258.239404,2530,638.723085
-4528.599798,1152,643.355514
-5113.370197,1827,645.484606
-9265.636039,1967,647.638808
-5178.174879,1939,649.819607
-20161.534304,1851,651.906358
-17257.166071,949,656.416572
-1433.443722,1518,658.299232
-23183.81175,1950,660.535855
-8905.258043,414,661.602782
-29237.536193,2090,663.948532
-5326.45679,1559,665.792815
-5316.819449,1052,670.400624
-5331.732329,1322,672.066256
-5678.455811,1368,673.781086
-4890.626173,997,675.175684
-5817.768023,1950,677.360068
-4833.31097,1080,678.835948
-4781.195027,2179,684.571303
-20368.191382,2015,686.825252
633.103027,340,687.636033
-11201.202043,1955,689.842386
-13223.559902,2189,695.189769
-5212.135078,961,696.669678
-14996.509262,803,697.919039
-13942.884335,2308,700.386932
-6928.855293,1784,702.407622
-4730.306523,964,703.770412
3446.89307,340,704.595423
-7509.681936,1063,709.251985
-11466.117201,1927,711.532875
-17886.526835,1593,713.420166
-3465.203927,2700,716.169493
-6191.782814,1520,717.977568
-14028.129284,1306,722.999872
-9542.570474,1622,724.941589
-11453.296003,425,725.851787
-7435.546427,1630,727.795835
-17769.01526,2462,730.31672
-4568.749698,926,734.772767
-12081.374142,2279,737.359557
-16161.871896,1425,739.116163
-18410.963499,1422,740.785443
-12678.037505,1492,742.626218
-6022.659563,2519,748.613176
-17777.430124,1454,750.415514
-4865.147587,1053,751.801524
-5194.131901,809,753.054984
-8952.901903,1673,755.121312
-16014.518054,2641,761.121095
-9068.110773,1331,762.860866
-5992.863259,1784,764.866591
-18042.845982,1644,766.821753
-15912.941043,1754,768.851445
-5595.785357,1586,773.965271
-5380.303268,1446,775.732827
-22656.685639,1981,777.920081
-5990.306201,1240,779.556535
-4955.851116,1441,781.335106
-11734.90517,2311,787.12459
-8576.029998,2700,789.912538
-12832.580128,1749,791.932761
-24930.45849,1789,793.971318
2370.600607,2700,801.079815
-4918.45313,1701,803.094509
-5768.234335,2411,806.42154
-14388.632397,1825,809.416064
-16687.622922,1400,815.277791
-18094.997282,1667,817.345418
-14223.334231,1565,819.477591
-14577.484599,1629,821.876348
-9932.14337,991,823.423192
-19859.272226,2200,830.695071
-4019.742969,1458,832.791559
-21142.355957,1753,835.1659
-5411.258221,1260,836.862445
-16645.75609,1778,839.177698
-19403.895779,1691,846.794694
-6310.157057,2212,849.527451
2897.274479,340,850.370098
-5768.5847,2070,852.887838
-25247.589014,1312,854.57935
-17469.907916,1420,859.880768
-18621.185916,1539,861.96119
-12680.530421,1596,864.004733
-17556.9505,2089,866.63855
-24352.013828,2645,873.360847
-24502.894679,2700,876.486916
-5187.047135,1113,878.014585
-1252.522997,1114,879.57447
2246.953905,414,880.465903
-7115.927548,655,881.637182
832.80104,414,882.714671
-5396.781697,1127,884.236213
2731.867285,340,885.071488
-3500.219677,1846,890.818887
-15423.627413,2700,894.451206
-10189.438454,1498,896.677651
-4592.34261,1199,898.516011
-4101.868418,1591,905.333372
-5274.954765,925,907.127334
-8129.796384,954,908.598836
-5536.884097,1899,911.116332
-7729.960446,2569,914.287593
-4329.2353,1167,916.091717
-11050.799151,786,921.023766
-4591.695284,1157,922.723411
-4645.002307,887,924.052481
-4756.201062,902,925.503216
-11609.665737,2700,928.460133
-5097.111009,1084,929.937838
-21639.611102,1847,936.564308
-14175.485705,1147,938.710764
-6175.050621,1410,941.012133
-4994.281286,1157,942.81652
-9895.089158,1375,944.814963
-1992.711703,1925,950.920429
2311.514995,414,952.063298
-4974.739961,1499,954.197712
-4652.059475,1005,956.082564
-13538.469977,2700,959.318895
-9248.899577,1229,960.983896
-5039.99946,1165,966.246074
-6103.468285,1090,968.135356
-8010.842911,913,969.905168
-16160.694345,1410,972.571843
818.488725,340,973.42123
-4910.312142,1220,975.023764
-27095.949857,2476,977.776705
-2306.261397,1649,983.217254
-4488.804544,420,984.201043
-27739.618241,2700,987.140004
-37149.227791,2301,989.573616
-26981.375344,1536,991.399781
-17871.449973,2319,997.27192
-9771.345916,2019,999.526757
-15540.429672,1335,1001.188765
-4590.570482,1177,1002.765134
3757.310168,340,1003.608894
-5092.591519,1714,1008.943294
-5591.294071,1218,1010.596062
2515.556351,340,1011.415679
-5810.884152,1460,1013.176602
-21791.852528,2700,1015.959897
-5677.926741,886,1017.278242
-18003.017015,1373,1022.349272
-4593.533597,986,1023.821603
-11792.486109,1764,1025.853232
-7833.521477,2211,1028.363734
3251.22896,1234,1029.970303
-5069.142339,959,1031.355308
-14113.318394,876,1035.983432
-12754.324537,1229,1037.646332
-4900.619492,1316,1039.329865
-11330.417642,2030,1041.710608
2792.939678,340,1042.532768
-12093.779096,1814,1044.707591
-7657.118421,1165,1049.561093
-18803.606963,1470,1051.448343
-7177.770536,912,1052.790704
-11482.003757,1736,1054.818074
-4834.983927,1146,1056.396306
-17607.961731,2175,1058.834336
-17459.59551,2210,1064.826268
-22174.197551,1710,1066.780083
-18895.252541,2254,1069.275715
-20203.313662,2254,1071.711082
-2835.998426,340,1075.785428
-5395.932585,1403,1077.560898
-6362.607051,2113,1079.869131
-4683.515414,1424,1081.745107
-4997.562016,741,1082.969075
-9344.322896,2063,1085.294108
-4978.304373,1670,1090.455992
-2727.034228,1692,1092.433238
-4392.97783,1782,1094.487622
-16876.68857,1595,1096.415094
-14495.218311,2546,1102.304159
-5303.56326,743,1103.538229
-4909.085368,909,1104.89203
3249.453978,340,1105.733749
-18020.929846,1743,1107.887914
-4976.526929,782,1109.140931
-10021.996666,1760,1111.229121
-22676.522873,2319,1116.953221
-4955.076956,1499,1118.759819
-3547.46293,2657,1121.50859
-20765.366199,1853,1123.616934
-3986.948118,1323,1128.572241
-12194.979455,944,1129.972125
-5407.099881,810,1131.244809
-18956.344276,1795,1133.304424
-9505.238126,1710,1135.413793
2994.560803,414,1136.3218
-5127.152903,1119,1137.907464
-4668.689588,748,1142.304668
-5482.848098,1106,1143.930463
-6012.457048,1130,1145.46783
-4915.327716,940,1146.890939
-16899.977458,2382,1149.711332
-4909.364438,1101,1151.423293
-25382.504949,2428,1157.309437
-17356.10571,2315,1159.900749
-1015.934708,2700,1162.722098
-5197.863513,1192,1164.278493
1717.542753,340,1165.133444
-16228.676582,1826,1170.653365
-16761.07732,2202,1173.093819
-4278.068839,919,1174.428601
-15458.776036,1192,1176.057414
-8312.24669,412,1176.974322
-4339.163254,1772,1179.053339
-4871.816562,715,1183.8653
3651.4363,414,1184.942555
-17633.166639,2015,1187.317336
-4673.070976,908,1188.714199
-5316.08849,418,1189.630947
-5340.517685,903,1190.993052
-3189.090009,2227,1193.44716
-12802.003241,2469,1199.343925
-5422.505497,2140,1201.722318
-12187.709691,1387,1203.46613
-11212.77903,1223,1205.120498
-3113.326875,2426,1211.069138
-4889.085912,869,1212.436955
-4610.569532,874,1213.993747
-12649.891034,1673,1216.203725
-6792.880979,1102,1217.742425
-4914.112862,781,1218.993326
-11115.939377,1840,1224.171747
-112.567622,414,1225.219039
-4981.926856,1265,1226.963994
-7403.977028,923,1228.378558
-5424.693391,1265,1230.051042
-4889.357676,642,1231.202532
-7231.763438,1372,1232.936553
-11552.597829,1481,1234.727396
-12740.726689,1603,1239.910549
-10251.555237,520,1241.020986
-5538.196076,1154,1242.610744
-151.391159,2424,1245.19562
-8611.926652,2228,1247.557483
-6242.898211,1799,1252.95237
-5164.614075,1192,1254.558191
2937.949835,340,1255.374783
-18213.08821,2635,1258.089492
-4631.219352,856,1259.371851
-5096.398605,2700,1265.437946
-15357.947414,1184,1267.117743
-17092.447888,1721,1269.122049
-4333.022945,1356,1270.83852
-5269.833044,1146,1272.394972
-4833.459682,887,1273.783132
-5089.118603,992,1275.298659
-15804.050857,1913,1280.845878
-5217.466272,1195,1282.387808
-10697.491966,1431,1284.140711
239.137808,340,1284.957488
-5139.990529,837,1286.277415
-4735.110542,827,1287.611617
-16209.934559,2337,1293.390963
-13842.582855,1754,1295.480585
-16442.759081,1693,1297.549887
-4757.560785,1338,1299.274893
-16962.322972,2230,1301.733332
-15214.396997,1992,1307.215503
-4670.796411,1106,1308.750891
-10932.486213,1673,1310.773228
-12320.582951,1959,1312.984412
-6068.578051,1835,1315.362423
-18383.358385,2684,1323.135646
-4696.544325,1704,1325.049057
-18390.163305,1564,1326.910874
-4662.630414,893,1328.222094
-2531.181305,881,1329.551825
-9859.811464,2349,1335.39179
-10463.150007,1715,1337.309387
-4633.503074,1122,1338.85021
-16848.368257,2083,1341.105589
-6404.969724,943,1342.484523
-7096.00439,1547,1347.731184
-16436.264171,1441,1349.72942
-5370.127617,1188,1351.254776
-5636.33829,1718,1353.243723
3784.944185,414,1354.125181
-20602.508982,2700,1360.199798
-5786.214589,777,1361.451622
-14266.371608,2149,1363.738716
-12659.917313,1235,1365.308188
-6013.02525,842,1366.56032
-5229.560238,1077,1368.023349
-4565.017044,899,1369.325919
-6986.965414,1234,1374.130746
-4666.093854,775,1375.324217
-14086.314566,1948,1377.48715
-10986.991406,1497,1379.290849
-11693.942629,1377,1381.013733
-4951.705354,1176,1382.543844
3529.686205,340,1383.362724
-3501.632728,2700,1390.348834
-4835.350941,962,1392.987723
-5059.96819,2384,1396.053341
-21438.686283,1141,1397.692977
-14048.595756,1363,1403.225349
3655.003904,340,1404.167657
3435.766883,340,1405.209403
-4847.529053,1504,1407.087751
-4948.699745,856,1408.538078
-8333.649201,986,1410.085688
-4987.957368,1020,1411.649836
-13648.887624,1585,1413.692244
-13791.774249,1851,1419.54201
-16868.028837,995,1421.037835
-19736.516909,2700,1424.163372
-5751.367018,1772,1426.525172
-13196.706459,1576,1428.727091
-10682.932428,2196,1434.911686
-7613.454698,2489,1437.988335
-4365.917355,2037,1440.552119
-4420.118233,1202,1442.278327
-10789.490093,1346,1447.378707
-4802.963706,622,1448.583546
-12610.614686,1227,1450.375648
-9292.341633,1169,1452.080858
-6270.648843,1266,1453.839785
1652.928728,406,1454.80938
-20691.242486,1865,1457.168653
-20279.097738,1589,1462.491984
-25075.763274,2126,1465.032391
3789.926418,340,1465.970723
-15332.937461,1447,1467.965159
-7825.97455,1838,1470.23333
-9916.828291,1301,1471.980584
-7577.218958,1989,1477.678842
-16856.755451,1864,1480.012467
-16330.98209,1834,1482.232694
-31392.242016,2161,1485.038332
-9527.819531,1540,1491.466154
-12270.659262,1705,1493.548291
-15875.179123,1219,1495.210289
-5426.614974,1353,1497.004725
-4228.117003,993,1498.445035
-4634.443,849,1499.926602
-4982.642258,2332,1507.992792
-1111.480071,2177,1511.515727
-7388.809039,901,1513.586128
-6400.3703,2700,1517.981842
-984.535877,2058,1523.713186
-2175.10356,2005,1525.997932
-5493.552725,2155,1528.565053
-4643.336865,740,1529.861109
-16912.377587,2481,1535.88915
-4810.931768,867,1537.246054
-16906.65373,2039,1539.820919
3847.271451,340,1540.650531
-9707.991545,1218,1542.320888
-10097.407621,2199,1544.796791
-12724.821489,989,1546.214125
-4287.197263,690,1550.718871
-5272.003362,1188,1552.3828
-2637.120562,2502,1555.07195
-29529.651234,1754,1557.135925
-4622.437707,1438,1558.960673
-6235.85379,1109,1564.0519
-12294.039535,1101,1565.696676
-3896.217268,1481,1567.652352
-4979.178209,1104,1569.244075
-29685.068519,1715,1571.430671
-18468.495317,2142,1574.061943
-19162.247001,1757,1579.61257
-10169.735687,1529,1581.520435
-29292.54695,2095,1583.818086
-13648.888816,1402,1585.566334
-20890.9538,1804,1591.917432
3422.779246,340,1592.94935
506.631651,340,1593.929314
-26326.968547,1634,1595.869905
-5579.285278,1308,1597.416081
-12236.047134,1690,1599.359318
-10544.041668,1717,1601.309047
4360.5384,413,1602.187095
-4583.161321,1195,1607.14679
-4778.835083,1556,1609.026186
-9608.824779,1134,1610.490184
-6059.949031,1750,1612.453307
-4996.031379,998,1613.823012
-7850.297395,2092,1619.465549
-16211.259637,2700,1622.253769
-5242.56925,802,1623.479012
-5125.810407,820,1624.735077
-10285.752628,1659,1626.709098
-6203.634691,1503,1628.514797
-7443.93762,982,1633.169373
-10685.491047,2168,1635.481298
-4538.777388,839,1636.735408
-4946.405127,809,1637.969296
-5229.002064,1172,1639.499557
-5503.586012,1153,1641.000757
-12520.031,1163,1642.508992
-13352.498093,1814,1647.78371
-5914.66414,833,1649.133611
-10818.017264,2273,1651.549992
-8753.26905,2017,1653.710468
-15408.670548,1092,1655.083778
-4513.253062,798,1659.557469
3229.684444,340,1660.402133
-25587.223951,2408,1662.882151
-26679.564544,2324,1665.220615
-5401.845943,879,1666.470767
-8464.285901,414,1667.331682
-5049.939202,1497,1672.277007
-4673.074474,1373,1674.006204
-5504.845714,1386,1675.753188
-5655.46896,1036,1677.240478
-17350.323493,1289,1678.861738
-3834.548469,2700,1684.691142
-5421.276217,1901,1686.951734
-4775.254588,758,1688.093148
497.525543,340,1688.897652
-4942.646782,1147,1690.372781
-12863.27133,1168,1691.810181
-11071.834797,1536,1693.577865
-4998.646707,922,1694.801606
-6683.220945,1337,1699.861875
-5328.269193,1282,1701.446823
-6176.675092,2700,1704.078014
-5672.628066,1830,1706.080673
-4976.907301,1242,1710.926733
-5721.505946,2262,1713.426646
-4486.69979,1032,1714.891279
-23969.330819,2091,1717.169331
-4267.662228,672,1718.315985
-8496.646869,1969,1720.450069
-9478.233555,1110,1725.414928
-16351.675532,1931,1727.554577
-9498.377864,1661,1729.457521
-14526.871006,928,1730.768254
-8092.210207,1473,1732.507851
-8138.047972,2019,1738.243288
-5331.506507,1775,1740.368551
785.268514,340,1741.18348
-11037.649162,2603,1744.02995
-4689.510867,1144,1745.460731
-4877.599905,1034,1746.884202
-3359.347371,1497,1752.182
-6471.724199,1690,1754.152384
-11617.270867,2349,1756.584924
-16001.189853,1142,1758.042559
-15607.470813,1448,1759.785505
-5351.258505,1816,1765.326414
-11204.140352,2189,1767.633987
1868.913237,340,1768.424272
-16234.164083,1195,1770.037804
-15123.795664,1407,1771.710524
3067.706745,340,1772.529305
-10119.607024,2122,1778.45567
-5369.827855,1143,1780.032644
-12306.745486,1423,1781.749381
-5033.849611,1298,1783.41779
-11788.944007,941,1784.851918
287.588286,340,1785.738618
-9124.512813,2003,1792.905462
-10293.450436,2284,1795.514051
-11413.096484,1156,1797.001232
-16893.068681,1231,1798.60858
-520.63945,418,1799.64203
-32638.555085,2700,1802.774056
-18615.662647,2045,1808.527631
-22741.480057,2579,1811.230104
-15836.289384,1245,1812.829875
-19888.405418,1516,1814.692385
-11539.74149,1087,1819.65385
-9262.521589,1492,1821.700279
3578.974546,858,1823.001238
-9672.159109,2433,1825.588586
-4739.667414,1043,1827.070158
-4467.508843,1374,1828.853769
-11112.893527,926,1833.646396
-26712.768714,2315,1836.180329
2136.045951,340,1837.034455
-11209.037,2700,1839.870325
-5165.013869,1802,1841.935473
-5340.342704,1157,1846.851203
-11862.931152,2700,1849.74962
-19141.93025,2559,1852.391728
-5484.143143,1774,1854.444295
-5221.884748,808,1858.879198
-7792.955245,1183,1860.54645
-6235.426176,848,1861.83005
-5207.528849,1235,1863.468818
-4534.461007,962,1864.872712
2689.957186,340,1865.734059
-6733.189405,1846,1867.876204
-15070.184547,2290,1874.014274
-14665.917341,1616,1876.095032
-19889.250044,887,1877.439522
-12407.837731,2136,1879.80537
-14228.844015,1698,1881.759333
-4776.4886,2032,1887.319157
-6125.143542,1044,1888.793675
-4925.2526,2700,1891.709086
-14349.240044,1349,1893.443592
-3160.545235,923,1894.824198
-4511.344801,1010,1896.223428
-4952.368596,1239,1901.282171
-16733.224777,1327,1902.994672
-4871.133728,1185,1904.608228
-1161.775597,340,1905.485949
-4672.403936,817,1906.833366
-7444.000122,2150,1909.184597
-15095.166938,1014,1910.618248
-8182.315747,1689,1916.097396
-4584.70411,2208,1918.529438
-18189.8913,2074,1920.809009
-10443.331144,895,1922.153867
-12858.263532,2172,1927.935044
-4272.203412,783,1929.228351
-5008.926639,1002,1930.703532
-4685.383595,1235,1932.334634
-3414.745741,2700,1935.229849
-5477.06536,972,1936.637779
-6771.492468,1176,1941.717205
-4499.881899,2037,1944.037348
-4622.649303,857,1945.340319
-16996.670275,2676,1948.233435
-10820.480625,1867,1950.460363
-8543.855621,1807,1955.916387
-14350.888081,2005,1958.589618
-12988.2028,2486,1961.417024
-18256.997284,1514,1963.442778
-21502.940841,1816,1969.086281
-6092.913826,2033,1971.386207
3987.164655,340,1972.258399
-10859.576879,2270,1974.881763
-22887.982103,1378,1976.714143
-5536.902236,1564,1982.022282
-10488.755614,1371,1983.936972
-5086.122573,1129,1985.457028
-5126.131379,1906,1987.785597
-5088.089604,885,1989.424677
-12077.534232,2700,1995.760261
-12412.083662,1936,1998.087604
-7805.069748,1896,2000.292402
-10147.387309,2082,2003.218291
3415.71821,406,2004.299527
-13299.136052,1180,2009.455249
-22470.934153,2010,2012.005064
-19498.934565,2700,2014.856815
-10836.696069,1121,2016.39207
-4410.710379,929,2017.80203
-5581.641266,1908,2023.36918
-4533.239843,1237,2025.055247
-4902.505534,1045,2026.594348
-14582.576554,1198,2028.252148
3560.84109,340,2029.078684
-5698.239694,943,2030.455868
-13573.139505,1706,2032.494178
-5149.535877,1429,2037.602142
-3805.756967,2700,2040.718716
-22643.568549,2700,2043.583351
-4839.669707,2700,2049.883383
-8951.284823,1570,2051.908397
3329.592239,414,2052.832389
-5415.868572,1553,2054.791908
-15619.079797,1069,2056.236441
-4318.276862,993,2057.683417
-5116.352645,1260,2059.394585
3682.355612,414,2060.344101
4347.868859,435,2064.625983
-9189.612962,1457,2066.536602
-13493.287158,1449,2068.393124
-2035.798072,1541,2070.247592
-14817.907408,2700,2073.254165
-4966.080766,1944,2078.884687
-12756.44409,1213,2080.532242
-9306.601866,1476,2082.383724
-12446.784193,1902,2084.650472
-19704.967203,1804,2086.754192
-10077.031015,1215,2091.745971
3481.058854,340,2092.643098
-15131.21159,2700,2095.649525
-5161.854135,1138,2097.171591
-33196.763361,2670,2099.989218
3562.51894,340,2100.85937
-11984.573881,1770,2106.436514
-11967.486131,1921,2108.575914
-10273.371801,414,2109.477397
-5334.183904,1946,2111.844377
-29715.754797,1545,2113.787047
-12055.218677,1946,2119.377135
3212.253403,1483,2121.244042
-30634.167078,1496,2123.117807
-15056.113879,1190,2124.764695
-5152.286107,1144,2126.351146
-13037.461572,2700,2132.628727
-5777.593143,1131,2134.157492
-16858.361389,1397,2135.97538
-8081.93819,2287,2138.676864
-16252.041834,2675,2144.983047
-5435.242991,1233,2146.770841
-2681.694663,2330,2149.581704
-4554.20144,830,2150.892482
-4412.142918,768,2152.131814
-14902.402672,1155,2153.722001
-11146.618275,2700,2160.199545
-23075.965367,2101,2162.562389
-6630.43204,1982,2164.939703
-8505.410785,2134,2167.460236
-17349.781755,1544,2172.760702
-15040.008129,1104,2174.32633
-8200.202223,1798,2176.448563
-22420.916279,2700,2179.347924
2486.518895,340,2180.242782
-18253.615828,1880,2185.784174
-5870.041524,1760,2187.968166
-7205.197801,1022,2189.420647
-13383.243454,2000,2191.760973
-22685.145683,2184,2194.209709
-4819.701034,875,2198.89983
-18975.426291,1644,2200.984274
-6948.020062,1128,2202.538874
-3117.227387,1604,2204.459605
-20005.296367,1766,2206.567683
-5922.730306,852,2207.934212
-12189.817706,1308,2213.179883
-5791.988272,1140,2214.78007
-17530.379958,2025,2217.034483
-5687.459832,2257,2219.616516
-4933.119231,1464,2221.436734
-24404.021594,2492,2227.444573
-19731.040919,1750,2229.443484
-15668.443693,1712,2231.515847
-2123.740716,2622,2237.654053
-17251.615404,1925,2240.048708
-9540.790849,2700,2242.843398
-12144.01724,1819,2245.00475
-4468.0575,2184,2251.390765
-16883.063307,2377,2254.229701
-11767.021053,1911,2256.48015
-1250.955002,1477,2258.406831
-9560.155601,1283,2260.254673
-12408.174888,2700,2266.804711
-8061.260121,1748,2268.960076
-4317.581428,1108,2270.515792
-14987.770761,1641,2272.529588
-4553.162905,1123,2274.088953
-16517.147085,1311,2279.277221
-5113.061768,907,2280.703563
-4861.497988,953,2282.111885
-11144.721226,1602,2284.096856
-24030.97936,2191,2286.673245
-11793.530974,1413,2291.694097
-6195.384789,1091,2293.455748
-8968.118551,1442,2295.383576
-5068.968882,1216,2297.026054
-15836.127101,1715,2299.10872
2138.339613,418,2300.076981
-3708.819045,2390,2306.031458
-13135.302473,1510,2308.061536
1910.85133,414,2309.011396
-4774.519462,1112,2310.588643
-859.171162,1289,2312.285983
-8042.00697,1832,2314.457589
445.597731,414,2315.465918
-29378.79187,2578,2321.833985
-6423.620287,1709,2323.932607
-3856.223493,1632,2325.955799
-8971.251844,1749,2328.156818
-4416.574706,1392,2330.000215
-7930.532768,1210,2335.067603
-4740.589721,1248,2336.771531
-3374.560935,2022,2339.132525
-5428.385515,1181,2340.779619
3048.850454,340,2341.670512
-12661.017889,1354,2344.349128
-20652.605277,2216,2350.322389
-17994.233085,1455,2352.210129
-4963.013128,1022,2353.714014
-9168.919233,1839,2355.897787
-6363.826981,1918,2358.166423
-5340.718216,2121,2363.951035
-15090.03704,988,2365.375494
-9033.393066,1246,2367.061121
-5592.745676,1164,2368.649263
-26586.831529,1795,2370.818454
259.939029,340,2371.694673
-7553.667396,2286,2377.662764
-8808.854074,2666,2380.781189
-9013.978706,2681,2383.779935
-18272.9594,2323,2390.757945
-17841.978163,2462,2393.432045
-26976.855556,2187,2395.900536
-12254.822535,1426,2397.756313
-4668.457282,1012,2399.258752
-18369.709293,2030,2405.064005
-3763.110911,1511,2407.010829
-6082.353266,2700,2409.934103
-9414.226684,1674,2411.917011
-19968.50185,1769,2417.44821
-4473.0676,875,2418.804528
-14824.102469,2700,2421.694707
-13743.687835,1815,2423.887821
-25682.637447,1893,2429.416255
-21157.625572,2347,2432.044386
-3348.97676,860,2433.430973
-5805.186487,1244,2435.15804
-5538.255304,1526,2437.065314
-4807.531568,1139,2438.657283
-4620.288447,1949,2444.339341
-1529.465565,2700,2447.441724
-5587.689804,2475,2450.842618
3736.570627,351,2451.772184
-5279.371817,1236,2456.692284
-3999.55131,2700,2459.582901
-8536.854952,1514,2461.511174
3413.731431,340,2462.388818
-10356.51849,2700,2465.335975
-13046.410576,1550,2470.61226
-14309.635878,1682,2472.668777
-4944.536419,1045,2474.200513
-8779.468291,1580,2476.216684
-14706.59605,2148,2478.661255
-13343.320339,1902,2484.21008
-12273.917824,2700,2487.159603
-4997.10248,1200,2488.886754
-11975.677848,1538,2490.940672
-27500.019499,2372,2497.93258
-4881.411591,1423,2499.985268
-4492.748056,1203,2501.725934
-13798.072548,1724,2503.737073
-5082.625122,1307,2505.475597
-9118.689081,1365,2507.291428
-8832.270477,2700,2513.876885
-4787.300421,868,2515.216173
-5186.704803,851,2516.51574
-22485.174892,2012,2518.847906
-4874.680614,1441,2520.739433
-14240.096287,1762,2526.241945
-12581.169245,909,2527.662533
-16068.305298,1823,2529.823474
-6140.694392,2700,2532.710113
-4894.064837,1519,2537.848582
-5894.905242,1593,2540.205674
-5347.424634,2274,2542.66349
-5534.543601,1794,2544.758493
-5036.483609,1048,2546.258207
2159.254749,425,2547.196105
-9412.919765,1336,2552.404498
-4038.281273,2503,2555.248794
-4616.694357,947,2556.638231
-7939.943902,2004,2558.942122
-14158.52735,1351,2560.694901
-5208.992514,1454,2565.930025
-16889.439165,2148,2568.503057
-17858.152526,1466,2570.374121
-5597.792358,1145,2571.963523
-5714.82743,1691,2574.02101
-25058.605019,1825,2579.399319
-4698.834982,1039,2580.900245
-14496.801515,2700,2583.914701
-8806.456212,1271,2585.603662
-11004.630204,2700,2591.740771
-16426.40484,2560,2594.697304
-4662.950611,1106,2596.296833
3940.181244,340,2597.192045
-5336.564508,1781,2599.371816
-5528.42284,1909,2601.558571
-14620.640693,739,2606.063808
-23054.180981,1852,2608.270038
-10276.712544,1766,2610.373955
-5907.482896,1467,2612.244011
-3975.963612,1800,2614.508426
-8031.485707,414,2615.458979
-9494.723335,1268,2620.487762
-8093.569227,1996,2622.90444
-1014.408931,2700,2625.922256
-6455.548508,1770,2628.060758
-12501.130415,1373,2633.069854
-8930.687917,743,2634.316477
-10283.013572,1315,2636.100429
-5423.690777,1041,2637.569168
-13602.247747,1644,2639.649172
-9353.881876,1646,2641.663574
-6226.051694,1009,2646.271009
-11994.841822,2610,2649.223083
-5051.790287,1716,2651.320846
2968.728768,340,2652.16922
-14601.584375,1912,2654.469375
-12434.623072,1445,2659.508687
-5436.885905,920,2661.034689
-5566.920347,1153,2662.641045
-11203.144177,2224,2665.146654
-17332.739343,2518,2667.958819
-9413.484765,423,2668.857722
-17955.178973,1916,2674.562027
-18038.853576,1639,2676.583866
-1884.439752,1613,2678.765684
-3088.392829,2221,2681.293908
-4921.855337,1451,2686.816466
-16294.783304,993,2688.570161
2833.766724,414,2689.527661
-4941.794747,876,2690.93714
-6438.237386,1037,2692.452725
-10447.694815,1832,2694.640492
-15939.455831,2700,2697.651842
-15890.790787,414,2702.016792
-4235.402254,900,2703.584003
791.149443,414,2704.56663
-2776.47066,2699,2707.469406
3574.181927,340,2708.361965
-5994.225632,766,2709.809982
-77.540646,2700,2712.925462
-12174.76116,1671,2718.530865
-2141.265113,2700,2722.150921
-3178.483007,1275,2723.933646
-4270.76187,2205,2726.459277
-22097.740826,2199,2732.349803
-36389.646478,2700,2735.280453
-5335.001652,1520,2737.14606
-12393.52398,1140,2738.746128
-14574.761223,1208,2743.757893
-4660.766031,798,2745.189903
1860.422399,1705,2747.386941
-13533.003386,1541,2749.325833
-5739.765639,1900,2751.643581
-12737.664226,1447,2753.447098
-12794.338763,2197,2759.355433
-13452.698241,1096,2760.890971
2339.682985,414,2761.813687
-4817.021144,1234,2763.485325
-16163.65178,1980,2765.825928
-14984.156737,1994,2771.374461
-16446.659376,2566,2774.224422
-2734.301937,1930,2776.463473
-4849.561285,858,2777.806779
-4495.10192,1036,2779.254917
-15620.322902,2455,2785.358159
-5185.332443,1486,2787.253943
-11181.373034,2002,2789.540248
-5941.793134,1387,2791.246482
-1315.157597,2446,2797.493154
-11078.078043,418,2798.505041
-13748.517783,1013,2800.009869
-5209.133086,1220,2801.619284
2706.308089,340,2802.46172
-4790.820547,1328,2804.170839
-9561.682814,2252,2806.765309
-8170.286515,1795,2812.27776
-19175.872448,1286,2814.022251
-5761.556616,1439,2815.814734
-5384.055272,794,2817.078833
-10723.789822,1286,2818.804895
-14697.242052,1481,2820.708096
-6458.408369,1755,2826.536399
-21768.679329,2650,2829.429233
-5399.101356,1786,2831.503593
-4792.204534,889,2832.851375
-5766.365829,1178,2834.446542
-15921.255149,2700,2840.980179
-1766.502619,2700,2843.827027
-3422.397909,2388,2846.445628
-2720.698033,1518,2851.722193
-9048.136098,2169,2854.396926
-1576.59623,340,2855.253682
-10274.472004,1142,2856.900715
-4921.128238,872,2858.262708
-5197.072293,1686,2860.285198
3380.682661,340,2861.139978
-10623.719077,981,2862.614587
-5665.626784,1039,2867.524095
-3932.35242,894,2868.904286
-12013.826617,1002,2870.40787
3483.485108,340,2871.304795
-5023.08246,1526,2873.23623
-20127.931684,1646,2875.245195
-5992.820989,340,2876.107869
-5031.581937,877,2877.491805
-4961.879688,967,2882.149202
-1061.22543,340,2883.076935
-4684.128408,1847,2885.359077
-4386.035961,1939,2887.608181
-4537.425245,828,2888.933903
-4356.597079,1550,2890.878818
-3515.768487,1553,2896.093525
-20299.367032,2102,2898.726403
-14876.578646,2700,2901.585774
-9073.459021,2700,2904.516611
-7884.208636,2634,2910.788634
-11874.359698,1921,2913.049627
-5201.232137,970,2914.468716
-3118.077281,1578,2916.483687
-4929.953865,1703,2921.820121
-6520.829874,2132,2924.435514
-4977.072867,919,2925.832725
-13766.77483,1688,2927.925403
-11205.731614,2700,2931.138534
-9986.956857,1202,2936.142898
-12424.01046,2048,2938.563411
-4207.947216,1954,2940.869937
-4935.952601,937,2942.270427
-12367.929741,1754,2944.38085
-4483.017713,1544,2949.576705
-5712.245646,1344,2951.345052
-5682.993521,2001,2953.730381
-4514.842283,900,2955.109598
-7279.468313,2002,2957.493895
-4634.544499,1843,2963.024736
-10767.159031,1667,2965.078492
-3459.432172,1646,2967.106468
-18190.667066,1542,2969.054271
-5158.828933,1407,2970.822278
-15051.240662,2246,2976.854711
-5270.371375,899,2978.397648
1200.081674,2700,2981.469622
-11644.654752,2700,2984.283737
-5519.041744,1450,2989.831456
-4847.888153,898,2991.235026
-4254.486125,1227,2992.924042
-6052.748283,1263,2994.623399
-6131.875993,1737,2996.645873
1187.428182,425,2997.699443
-17013.067576,2425,3003.893348
3155.196806,414,3004.888525
-5099.769823,752,3006.219405
-6504.836376,975,3007.700289
-4920.598467,749,3008.981429
-4749.975831,913,3010.342675
-12162.32837,1300,3012.086383
-8702.810772,2700,3018.411006
-5115.204875,957,3019.942238
-17096.71325,1946,3022.258575
-6002.034669,1194,3023.796501
-5083.567729,1015,3025.28989
-9947.410253,1273,3027.010355
-19737.667937,1997,3032.775707
-10844.687046,986,3034.220953
-4576.423239,1032,3035.690694
-4673.455347,1408,3037.451143
-15881.377828,2314,3040.114886
-5253.140864,925,3041.552289
-14213.88672,1790,3047.140903
-5649.954075,1057,3048.603542
3446.022314,418,3049.519228
-6351.617827,1516,3051.453481
3432.083447,340,3052.324829
-5663.462569,1980,3054.620613
3685.037621,340,3055.488806
-4714.919326,1877,3061.648294
-4476.125553,1102,3063.177626
-12389.159905,2700,3066.038107
-5121.614853,2006,3068.344706
2535.353212,340,3069.207755
-12176.50017,2272,3075.192026
-5118.819231,1293,3076.93502
-8519.07657,1756,3079.053502
1305.90882,340,3079.915993
-4338.056736,980,3081.420631
3263.773264,340,3082.307189
-5482.533022,859,3083.675604
-6610.829022,1429,3085.540669
-11132.461962,2700,3091.692101
-18668.494706,2520,3094.42458
-4911.122745,985,3095.917887
-15288.292234,1281,3097.628862
-4820.591867,1694,3102.884902
-7771.273572,2585,3105.941871
-4382.917262,1701,3108.043976
-5472.773422,1331,3109.769567
-4876.971603,817,3111.070132
-21464.779904,1583,3116.349982
-3988.294407,1287,3118.091611
-4463.218303,902,3119.490742
-12409.76584,2700,3122.420893
-16206.335383,2700,3128.465811
-3879.149264,2700,3131.442759
1830.843216,414,3132.347624
-4204.10027,2623,3135.31498
-16129.397401,2700,3141.622551
-3102.164645,2700,3144.701504
-6351.794476,1588,3146.683164
4310.997219,2517,3149.634345
-13418.628539,1598,3155.067437
-14656.55249,2700,3158.099512
-13006.101638,1467,3160.008135
-8987.307367,2700,3162.912576
-12794.056956,2118,3168.818718
-5077.449535,761,3170.083647
-4911.189464,1095,3171.607617
-3792.390808,2259,3174.131848
-1177.554578,2700,3180.282031
-3859.108387,2042,3182.728502
-4639.567395,771,3183.990677
-5054.510557,1396,3185.804389
-13606.110601,951,3187.231009
-4734.844811,1477,3189.100948
-5483.343888,1345,3194.199749
-5185.811143,1098,3195.83181
-13019.7338,1864,3198.09355
-11402.79617,1526,3199.989032
-9449.178245,1954,3202.363466
-5028.114714,961,3203.773035
-5994.843004,2687,3210.208379
3425.851077,340,3211.082209
3243.407167,349,3211.988687
-4981.521655,865,3213.379386
-2120.977463,2700,3216.482254
-15882.14293,2253,3222.3909
-6088.927454,1943,3224.678713
-4736.59573,1759,3228.172243
-3197.136734,2004,3230.796471
-14529.584,2101,3236.659709
-5224.132463,1546,3239.033849
-5679.692617,1475,3240.989453
-5418.700402,1929,3243.177582
-9786.273203,1699,3245.172207
-4032.364386,2700,3252.05135
-5012.080732,1569,3254.045083
-13555.232088,2331,3256.7142
-14026.116925,1125,3258.346787
-5301.726774,967,3259.799188
3290.763524,340,3263.845342
-16362.928841,2643,3267.896025
-4810.385329,743,3269.316789
-5220.11718,1278,3271.066059
-4866.348797,1663,3273.077875
-8185.559365,2018,3279.032899
-9984.215216,2303,3281.847526
-3630.001407,1866,3284.243348
-8350.915163,2133,3286.716976
766.363424,340,3287.64342
-13219.162874,2554,3294.216815
-8868.41064,1935,3296.403764
-4218.048217,1120,3297.979907
-4854.301007,1027,3299.469803
-3276.619943,792,3300.75069
-4151.670237,789,3302.027955
-4445.407611,1745,3307.499764
-9098.650836,2287,3310.049733
-7573.330389,1132,3311.590316
-7030.951372,2700,3314.562531
-5178.676207,928,3315.965587
-4472.851548,890,3321.173632
-16404.931497,2687,3324.153198
1227.48646,414,3325.107321
-14199.573107,1610,3327.153836
-4975.734312,1573,3329.053728
-5756.779968,2602,3335.576255
-12096.742974,1642,3337.580899
-13960.266374,2029,3340.043854
-5416.474154,1395,3341.892531
-4210.223447,2228,3347.779421
-4461.984728,1522,3349.720861
-14013.091348,1389,3351.505049
-5073.580443,1332,3353.255053
2178.219324,340,3354.117542
-20378.974792,2494,3357.541983
-8614.179315,2700,3363.953742
-3820.202718,1656,3365.962152
385.728073,414,3366.904035
-21784.356158,1861,3369.169356
-4744.613664,1104,3370.734034
-5602.654063,1574,3375.973825
-4894.029956,2700,3379.002948
-13764.42258,1676,3381.042668
-4910.65015,1095,3382.610644
-21338.062751,1832,3384.871373
-4350.600222,1890,3390.554194
-4582.944209,1437,3392.434232
-5246.595919,426,3393.368264
-4720.556423,1500,3395.31303
-10401.614909,2423,3398.070843
-6002.667383,841,3403.429053
-4598.471718,1934,3405.831241
-4969.55843,1626,3407.828861
-11858.816638,1641,3409.881547
-10472.773879,2700,3416.258432
-5685.082745,823,3417.722124
-3823.911404,2013,3420.030009
-3653.451775,1139,3421.570043
-6164.107124,1281,3423.262362
-3781.231296,2700,3426.202011
-19276.488252,1299,3431.537387
-19284.527983,1753,3433.652749
-5081.949441,1851,3435.848132
-16701.75522,1699,3437.991376
-14714.657505,2603,3444.482697
-14382.23657,1529,3446.407615
-2311.871499,2700,3449.349568
-17129.842752,2563,3452.140165
-8922.855318,2675,3458.483966
-12105.621915,1602,3460.897807
-2469.019964,2081,3463.369056
-5085.249125,951,3464.759381
-17196.324374,1754,3470.387667
-5184.695541,2700,3473.255268
-5098.691644,414,3474.181899
-8658.445985,557,3475.276277
-6286.934749,2214,3477.842142
-5114.682041,2462,3484.054132
-16363.779822,1748,3486.181718
-10022.507975,899,3487.530178
-2599.902882,2700,3490.43408
-5543.178417,1278,3492.10586
-5554.187409,1235,3497.063923
243.750607,1957,3499.368325
-17373.943407,2700,3502.37762
-3256.857048,1806,3504.629204
-5188.012383,1355,3509.628633
-13938.312537,2629,3512.509424
-11715.860128,2384,3515.189714
-21612.905035,2279,3517.838179
-5209.069364,758,3522.392478
-4936.15113,1159,3524.048196
-4732.329722,2638,3526.949442
1847.874433,340,3527.828303
-2715.740577,1550,3529.847177
2904.272228,340,3530.754728
-6312.801752,1464,3532.708204
-15991.888831,1822,3538.277417
-3067.639758,1967,3540.633489
-10543.494425,2015,3542.986858
-10596.354498,1610,3544.988994
2959.216752,425,3545.929553
-4494.992455,559,3550.209688
-5147.678219,1098,3551.918476
-243.222327,414,3552.870334
-18008.40956,2470,3555.696371
-1271.55459,340,3556.600176
-14093.416742,1599,3558.634517
-5110.095542,1641,3560.72123
-17007.574702,1844,3566.261796
-5051.486812,1020,3567.726966
-14980.791729,2700,3570.983762
-4908.29211,947,3572.438048
3571.836058,340,3573.352904
-7388.335817,1368,3575.184001
-20055.464411,2299,3581.308272
-6013.097139,2504,3583.96919
-3724.287704,2700,3587.003226
-3443.92814,1839,3592.607674
-4857.40418,1616,3594.603244
-5761.773298,1115,3596.167966
-6553.412775,1949,3598.517585
3315.589359,340,3599.41558
-23411.694598,2700,3605.536457
-13906.492589,2541,3608.354597
-4598.571293,1562,3610.257092
-21885.264757,1551,3612.150265
-12962.736095,1611,3614.122813
-5385.479535,1221,3619.158962
-13944.982817,2700,3622.159542
-15132.993358,2425,3624.896791
-593.620587,2700,3631.128134
-6567.792755,1337,3632.93162
-13221.540571,2007,3635.301079
-12208.493158,2314,3637.975258
-12682.052427,2507,3644.138805
-4974.40973,2161,3646.692874
-11846.293086,1604,3648.698412
-4785.011297,852,3650.03202
-13078.608984,2390,3652.671879
-12771.574027,2700,3658.873365
-23686.020043,2021,3661.347768
-10754.231613,2533,3664.288524
-11734.791907,1671,3669.623188
-10403.037699,1796,3671.872673
-5593.357438,2614,3674.736334
-4753.075384,953,3676.184019
-5455.648536,1417,3677.999112
-4029.633145,1770,3683.471097
-14937.829832,2700,3686.470019
-16587.980193,2349,3689.113918
-10264.283336,1720,3691.288813
-5046.337665,1583,3696.540863
-19361.82527,2322,3699.238608
-6138.133851,1043,3700.73477
-395.083508,340,3701.615585
-4394.556217,703,3702.86642
-13572.465698,2700,3709.245561
-2128.016638,2700,3714.412047
-5721.888897,1134,3717.065785
-5169.650774,1177,3719.157817
-5584.827432,2700,3724.209122
2910.528562,414,3729.636779
-4942.385808,2280,3732.947213
-7769.721018,2190,3735.9392
-11802.671811,1668,3738.368011
-14389.876105,1331,3740.466886
-5492.843682,1358,3747.744132
-11730.276055,2116,3751.374681
-5590.267663,2438,3754.949457
-5242.86314,1116,3757.346182
-20038.655804,986,3759.911993
-5035.367289,1129,3766.527209
-4797.38138,788,3770.484545
-5183.186186,1784,3782.66614
-5119.498108,729,3788.746241
-845.104574,425,3791.811839
-3023.49155,1662,3796.633048
-5470.740893,1386,3799.097695
-4958.748565,1210,3805.690657
-10077.662573,2346,3809.117998
-7452.043232,1808,3811.722618
-4766.190138,1412,3814.07981
-5013.1077,1857,3816.695098
-4874.928084,1156,3822.751159
-6145.329064,2132,3825.591918
-8880.29939,2156,3828.565748
-13800.685248,1418,3830.704285
-4841.932318,1506,3836.58619
-6370.483987,1510,3838.950882
-8880.617437,1959,3843.152733
-10785.315208,2700,3847.245623
-7543.156853,1121,3848.882814
-6187.033102,2700,3856.474985
-13231.645329,2700,3859.70851
3825.638161,340,3860.580143
-4239.944466,2428,3863.602558
-4733.856541,1112,3869.915035
-4665.219015,1246,3873.222575
3679.766037,340,3874.735776
-4755.462093,1095,3876.328902
-5000.715911,2072,3880.3043
-13217.201211,1101,3882.589218
-5781.388446,2273,3890.734684
1713.856878,424,3891.843948
-4867.894495,749,3893.738792
3209.021036,414,3895.331188
-14341.639986,1949,3898.413331
-14090.720179,2241,3901.674971
