#{"t_start": 1762123768.8866038, "env_id": "None"}
r,l,t
89.193243,414,4.492051
-482.214635,2390,11.94554
-88.268717,340,14.261189
220.174292,1203,21.018454
-139.765771,775,24.193002
117.600455,414,25.852024
119.571501,414,27.38816
129.940227,340,29.001641
140.907746,340,31.094196
160.079403,1764,39.69696
-155.773529,1281,43.305058
-68.799978,340,44.8878
-373.023316,414,47.670427
-209.294851,340,49.877969
-328.102096,414,51.58807
194.726999,340,53.441949
99.149604,849,59.292274
-261.848639,1510,64.742002
-495.292558,1780,69.737559
149.111344,880,75.210457
40.699393,417,76.963331
-176.375455,2185,82.272471
-74.506199,340,83.488285
-68.210543,414,85.033222
175.481482,340,86.293303
-91.819476,340,91.853292
272.067108,911,94.007431
-137.25793,750,95.709835
-432.145462,691,97.546336
167.110902,425,99.897681
266.663378,1547,106.396321
160.06258,414,107.743634
427.362141,2288,112.771186
100.870656,340,114.320788
14.323339,340,115.51814
235.279847,340,116.878434
-56.39238,414,121.712558
475.601024,1921,125.643572
-73.43672,893,128.395484
207.357149,1868,135.675788
-123.685772,340,138.212993
-251.575007,992,140.720078
444.026751,1142,143.738431
-132.463286,888,150.926209
145.358048,340,152.640579
-430.784965,2115,158.996228
-362.43052,2700,171.98828
125.906017,414,173.382549
88.63666,414,174.97694
206.64957,902,177.60087
-63.613896,1841,184.830961
503.586929,1109,187.266235
222.002609,340,188.735456
274.275175,423,190.309247
394.79638,773,192.393346
82.079331,493,194.633666
483.737085,1994,206.836289
256.11268,414,209.154615
164.332909,340,211.054231
191.602757,1304,215.822981
593.222524,1364,223.327122
171.544494,340,224.577059
281.206265,1658,228.75246
292.065329,414,230.481954
328.465391,1782,239.034295
270.33366,340,240.300076
181.199614,414,241.62229
163.411538,414,243.335343
644.006398,1288,246.702508
344.815032,758,253.168196
760.051674,1128,255.700254
462.247755,1673,259.525361
406.904571,984,265.028555
326.520001,420,266.083926
56.015485,414,267.262461
191.207193,1392,269.656087
1240.200014,1910,275.870708
79.670933,340,277.002409
170.175475,414,278.235234
422.805652,414,279.416374
360.963263,1109,281.536881
688.83029,1012,283.84301
138.371083,340,284.975902
398.844794,1041,290.209801
370.531168,340,291.294296
231.55227,340,292.462375
90.594672,340,293.525495
138.830876,340,294.517215
214.651176,425,295.69262
633.911715,998,297.792559
262.673695,796,302.589035
777.260035,809,304.339249
296.419066,340,305.437961
247.790139,340,306.610386
100.383992,902,308.56683
270.716091,340,309.80344
880.841026,1030,312.24751
425.459989,1042,318.518549
538.761625,682,320.155931
336.291254,424,321.378887
233.404753,964,323.660321
523.826682,803,325.504648
316.965838,414,329.002966
523.653797,538,330.701344
160.025514,340,331.98896
97.208616,414,333.386425
143.712031,340,334.504751
119.195731,340,335.742366
361.735039,857,337.903109
69.594342,340,339.272492
413.720944,340,340.514757
194.745989,449,341.782344
223.175149,426,347.850346
378.105637,522,350.777844
186.539848,425,352.494181
273.195029,340,353.993694
474.623812,696,356.560285
1111.461987,1304,359.934771
934.625824,910,367.909418
165.175071,340,369.43168
498.364847,775,372.520031
534.668594,750,375.332798
202.835615,340,377.634828
796.484391,940,380.665067
461.089737,752,386.688006
965.918664,1555,391.18577
74.515535,648,394.203165
387.547201,715,397.217309
441.545187,933,401.0989
530.666748,836,407.534723
205.886878,414,409.220246
350.443165,414,410.736178
762.944235,836,412.828951
343.431434,512,414.441526
459.752494,697,416.250827
493.512778,732,421.695592
177.017939,340,423.026837
232.744023,340,424.236264
192.176244,340,425.410884
526.63158,817,427.895939
387.993924,452,429.162867
90.660397,340,430.306544
752.18875,1269,436.372522
130.799816,340,437.590412
421.44826,414,438.839739
921.862294,1438,442.514424
404.009854,572,444.511828
591.236839,518,446.527773
228.611279,340,448.525295
448.868109,804,454.686022
207.180336,340,455.951513
195.938191,340,457.209855
124.803825,414,458.53355
388.494075,885,460.870418
901.239654,1019,463.402645
319.116771,422,464.710025
396.369505,524,473.276644
277.133918,801,477.376117
694.417293,735,480.071113
159.120278,420,482.000216
100.81197,340,483.798568
308.120706,340,485.26237
287.855658,425,486.532348
230.736162,340,487.661441
528.529142,436,492.842434
145.708456,414,494.141677
591.234191,846,497.536092
249.744722,340,499.677824
1009.033375,947,503.322184
83.022842,340,504.689685
184.989678,513,506.043267
181.941908,340,507.232703
226.283371,340,511.806924
267.021262,340,513.000743
445.507008,496,514.523817
204.459431,416,515.766677
900.654109,841,517.817052
613.185527,819,520.39006
971.196768,836,522.855778
624.348151,886,529.983158
436.313688,340,531.215953
1228.82355,912,533.622012
271.474101,340,534.880941
311.287064,340,536.196012
553.373117,784,538.086551
660.311377,704,539.787025
624.554013,441,543.742128
596.01574,774,545.486466
411.060836,609,546.935363
368.776148,633,548.53022
112.936437,414,549.902392
666.971636,890,551.604112
324.237809,340,552.640166
192.691239,414,556.477916
373.332092,414,557.636849
167.337097,414,558.690874
253.116603,340,559.72469
478.209772,545,561.027512
171.74479,410,562.136673
614.957848,720,563.620764
474.640471,786,565.315107
240.330807,414,569.019184
297.457952,418,570.267232
147.116445,406,571.451003
566.180079,656,572.915238
354.259194,652,574.326262
327.334862,414,575.4938
289.98174,414,576.646344
506.550918,567,578.012797
678.644103,590,581.735277
86.402685,419,582.858184
242.872613,414,583.987434
282.570127,417,585.386787
1204.887006,1233,587.609109
307.042431,340,588.582047
219.440318,340,589.571045
716.881155,805,594.590592
316.199075,410,595.96889
184.022608,423,597.590847
749.666858,731,599.453462
448.964919,509,600.895009
422.402435,414,602.250308
617.260582,585,604.01894
91.028798,456,605.319983
267.001887,340,606.329308
83.343687,340,611.018432
699.356637,605,612.329217
244.711159,340,613.366708
283.513894,340,614.505913
316.591091,439,615.980213
411.590499,414,617.416565
271.298905,340,618.730513
436.1608,598,620.136565
795.723563,993,625.023488
402.879701,605,626.50419
265.192609,340,627.569951
518.68641,745,629.287746
350.582402,414,630.492474
745.609515,599,631.925528
864.207149,891,633.758322
317.437381,542,638.922501
394.067502,340,640.231504
360.099022,423,641.43717
489.846729,748,643.036592
389.657182,340,644.105454
817.985096,1075,646.095393
487.937956,888,647.922729
410.580616,650,652.265911
307.745328,414,653.396602
363.548511,340,654.432409
254.879708,422,655.620662
297.936429,414,656.744398
534.55557,340,657.775625
124.174408,340,658.84907
227.776433,414,659.925513
101.873333,414,661.13271
315.256414,414,664.90831
642.006383,923,666.84957
533.653672,414,668.097468
641.960591,652,669.542453
370.897488,417,670.714996
211.618843,340,671.743862
174.366725,340,672.782578
283.553063,418,673.873118
482.757341,638,678.150169
574.562833,545,679.28618
251.427073,340,680.350133
293.707842,733,681.974234
497.967487,711,683.468926
728.987877,704,685.09367
579.242115,826,686.818986
690.263707,635,690.981537
440.832142,569,692.319062
396.239868,570,693.742927
290.984574,429,694.969468
261.649616,340,696.045757
724.2202,864,697.699087
741.541505,726,699.216079
446.451693,547,703.020009
539.271781,627,704.492678
561.506508,706,706.047107
306.719608,422,707.202789
471.438506,340,708.366795
208.745682,414,709.568165
190.7558,414,710.727785
285.247031,414,711.945029
503.555632,566,715.784714
297.565942,536,717.147162
330.86058,340,718.290167
732.388541,624,719.762465
510.413598,711,721.376339
624.500484,617,723.001139
295.080569,414,724.200732
386.115844,340,725.257049
210.434512,340,728.965161
653.023026,1041,731.026683
501.442548,518,732.436874
777.457983,702,733.93232
414.459757,588,735.410638
429.763753,531,736.795261
367.578201,498,738.14849
294.987784,340,741.852767
447.997086,414,743.013495
353.961818,340,744.092825
250.465084,340,745.220058
296.45922,340,746.299303
286.323206,425,747.389777
174.575559,340,748.457477
777.578114,844,750.278991
585.839698,586,751.928577
490.980809,785,756.492675
419.703685,340,757.598135
308.408117,340,758.723071
543.183018,503,760.105195
707.419051,657,761.64726
434.745815,448,763.021597
408.85596,414,764.257325
1102.162388,901,769.344136
202.366546,424,770.610123
336.905849,340,771.792779
655.316351,688,773.741203
361.22499,414,775.98621
792.689642,602,777.689531
272.394738,340,778.782899
554.999952,464,779.918284
551.778758,508,781.285603
253.239949,340,785.00124
583.305207,581,786.466797
211.523975,340,787.548688
502.40669,545,788.942332
61.740573,340,790.007166
491.384967,340,791.066181
501.937444,466,792.311479
518.095625,625,793.820645
458.647262,1018,798.40119
794.969557,913,800.324703
787.956982,649,801.827566
339.975873,340,802.900688
571.019886,513,804.232565
747.222226,637,805.770193
583.485626,537,807.186314
288.086088,414,810.934946
621.487116,495,812.275343
292.548626,340,813.382517
188.756669,340,814.547222
988.115701,1026,816.724511
388.49484,340,817.7785
617.020376,559,819.036259
468.562515,340,820.058786
369.498253,340,821.127303
521.229479,668,824.928583
469.251052,549,826.256063
526.194609,520,827.61637
652.959595,557,829.000576
516.5071,414,830.212008
426.196081,400,831.302315
376.604017,340,832.336893
466.88962,414,833.517897
787.087826,842,838.295601
132.281234,340,839.438912
443.483677,340,840.466322
276.744698,414,841.611889
433.823033,414,842.819326
763.998966,641,844.398542
526.295233,414,845.688109
376.115988,340,846.643272
589.089227,583,848.144314
354.018662,414,851.759572
151.906187,414,853.007253
355.584251,414,854.227317
265.374997,340,855.317724
285.290317,340,856.419944
621.758001,551,857.819402
668.246688,696,859.368046
607.666228,525,860.81327
272.2614,340,861.967659
486.133963,504,865.727074
345.181318,414,867.036393
422.470889,523,868.452732
559.408092,414,869.651046
567.91647,545,871.144998
380.212189,340,872.217741
375.552686,417,873.369532
695.124773,586,874.85681
454.207628,340,876.009755
295.59796,414,879.73176
632.11206,487,881.023352
553.409245,541,882.763545
371.914636,340,884.307499
615.146371,618,886.156018
540.813558,528,887.961141
313.653268,414,889.505333
182.760409,423,890.872906
613.928823,474,892.286573
112.843906,340,896.142118
443.191302,340,897.359276
808.976365,698,898.984447
582.400355,516,900.555377
332.201811,568,902.203847
577.257019,554,903.723664
784.643687,565,905.253304
324.790556,414,906.428892
837.244189,756,911.147086
285.203743,414,912.393488
190.531597,340,913.641897
313.660597,416,915.143932
325.518965,340,916.828456
277.036056,410,919.137193
414.35535,340,921.222378
323.16301,340,923.25059
434.686699,414,925.003103
382.467747,340,926.411494
562.473414,529,931.225236
659.893113,685,933.080077
322.594963,340,934.298155
353.495984,627,935.936182
431.179465,503,937.31072
542.276593,650,938.783977
547.145503,621,940.42818
465.610652,572,944.726436
398.261957,340,945.709533
384.494682,414,946.797634
588.686618,620,948.17526
578.297659,505,949.611725
754.793115,564,951.048601
887.803415,718,952.592577
1212.265383,935,957.25176
161.513892,414,958.304689
476.561346,340,959.450579
315.127444,414,960.601893
597.03496,608,962.081551
278.204745,340,963.133558
595.927073,431,964.338714
598.998051,589,965.810848
568.247086,545,967.182534
540.151508,585,971.197657
684.651448,544,972.576654
792.305608,577,973.983543
816.915008,880,975.727809
161.4136,340,976.791487
607.829747,549,978.154865
270.143221,431,979.41732
561.636399,597,983.39902
534.045387,532,984.759512
440.867793,340,985.900065
650.957348,530,987.306191
301.383261,340,988.439666
363.991084,340,989.569948
569.350457,414,990.793101
471.881866,482,992.059518
270.519223,340,993.222894
431.045663,340,994.489869
380.078965,340,998.536567
685.172859,510,999.920828
412.522282,340,1001.083558
337.33368,340,1002.326707
559.338556,414,1003.583456
209.164471,340,1004.753128
299.566387,340,1005.93081
686.306972,492,1007.250359
652.429353,507,1008.639982
571.824783,414,1009.752331
410.407191,414,1013.506413
484.54599,426,1014.766466
597.930212,575,1016.12095
550.875412,413,1017.344293
337.01696,340,1018.436285
358.86015,340,1019.419121
293.608896,340,1020.486819
644.818203,645,1022.068805
515.176246,439,1023.348159
449.821998,614,1027.760995
653.80611,531,1029.121752
919.942856,651,1030.73438
821.487787,609,1032.23902
596.60215,528,1033.657503
341.152457,340,1034.764462
307.782639,340,1035.878317
411.564482,340,1036.942148
575.012849,455,1038.283744
403.37606,340,1042.239914
578.142165,487,1043.51461
726.171368,634,1044.991508
397.245418,414,1046.251364
499.298283,477,1047.556603
396.657226,636,1049.08532
791.685237,633,1050.681738
358.181619,414,1051.865641
240.735751,340,1055.906564
359.628739,453,1057.149307
554.346309,467,1058.494516
317.013699,340,1059.610532
894.765883,801,1061.372862
716.37353,809,1063.135965
401.41697,340,1064.250065
496.30053,340,1065.480699
147.72106,423,1066.635885
453.707858,414,1070.184732
794.97711,961,1072.152704
576.17966,565,1073.595237
233.221515,340,1074.768784
531.730008,664,1076.408987
533.105103,519,1077.815588
536.500516,340,1078.859992
685.367383,494,1083.221392
414.231291,414,1084.379948
663.880746,555,1085.801785
863.751706,672,1087.411747
409.678646,414,1088.608789
265.585684,340,1089.694972
623.362563,587,1091.234138
635.279538,494,1092.586034
776.111579,746,1096.952338
562.107854,486,1098.25822
521.330648,515,1099.890455
323.060658,424,1101.167823
463.638491,340,1102.374303
533.506305,523,1103.732578
317.107722,633,1105.23438
154.339542,340,1106.309485
570.745403,559,1110.47141
704.015274,512,1111.754903
478.741563,340,1112.868211
500.68127,490,1114.219276
299.432977,340,1115.39936
722.702324,572,1116.910827
238.210507,340,1118.03659
407.106794,414,1119.203
496.395424,435,1120.393695
381.563374,414,1121.602094
322.970626,414,1125.810814
384.555361,340,1126.885605
427.956871,340,1128.048614
495.602285,541,1129.311294
824.236485,772,1131.018264
329.095401,414,1132.18503
631.860061,466,1133.478565
375.518961,414,1134.659514
402.896437,414,1135.844109
349.249797,340,1139.664117
614.388775,493,1140.885478
1011.420872,772,1142.598988
452.796589,340,1143.647725
525.695066,480,1144.915483
260.382074,340,1145.997528
492.01559,429,1147.261765
432.932601,340,1148.356597
485.052413,414,1149.569673
552.51844,439,1153.45475
485.384291,608,1154.943332
441.677157,414,1156.094663
287.547331,414,1157.289614
285.636949,340,1158.380305
355.939053,340,1159.539854
404.975931,340,1160.665064
415.033827,439,1161.975015
457.706224,410,1163.242561
607.650697,471,1164.728696
448.766014,466,1168.293775
398.574075,414,1169.428479
365.651045,414,1170.554543
475.26123,414,1171.665037
320.265212,414,1172.807838
578.042282,414,1173.939045
322.956198,414,1175.093062
614.709409,600,1176.510567
386.627374,414,1177.724199
778.678953,1067,1182.395849
488.915545,500,1183.706961
611.739955,524,1185.049293
580.984496,503,1186.27782
582.412743,456,1187.543052
360.147887,340,1188.591036
527.489508,470,1189.844783
863.260491,844,1194.309546
378.445098,425,1195.468002
342.304117,414,1196.626719
312.772169,340,1197.753166
528.46026,577,1199.037826
398.422267,340,1200.064644
314.265391,414,1201.205798
554.059304,570,1202.69201
396.966615,488,1203.875457
576.614412,621,1207.718658
528.995525,340,1208.759328
539.426215,537,1210.107057
548.223679,414,1211.241064
304.087875,340,1212.331289
382.762333,414,1213.482517
385.614872,423,1214.623482
683.730405,741,1216.308401
394.237155,340,1217.352523
316.35012,425,1221.100814
457.67388,340,1222.10813
296.530574,414,1223.318981
719.197014,704,1224.873924
506.145478,451,1226.17385
553.924925,425,1227.399444
632.612656,605,1228.846668
599.354623,671,1230.354437
392.105444,414,1234.451015
544.769787,568,1235.776981
496.590408,567,1237.142364
790.366932,561,1238.535803
383.456577,340,1239.505839
739.69948,519,1240.867603
404.959624,424,1242.001965
511.369544,614,1243.519206
368.254231,414,1246.942631
578.184252,403,1248.119211
167.269145,340,1249.139331
743.164491,715,1250.731414
292.892875,340,1251.733396
537.297045,426,1252.88745
602.740124,525,1254.260362
208.249077,340,1255.31615
797.849253,518,1256.507042
369.140713,414,1260.682971
588.113393,543,1261.927976
393.444256,414,1263.071457
516.355954,504,1264.32548
372.058415,340,1265.364064
385.284682,340,1266.323206
458.927492,340,1267.316154
338.387769,340,1268.283268
356.088105,340,1269.283327
655.419842,563,1270.69628
472.868203,567,1274.656405
497.3959,428,1275.614301
1137.056947,715,1277.082854
402.950328,340,1278.12604
710.825062,424,1279.23288
261.033136,340,1280.224929
368.937998,435,1281.39392
694.635702,491,1282.679921
564.361811,555,1283.980099
668.35851,526,1287.601011
874.185765,575,1288.797322
422.239336,414,1289.898141
549.948981,468,1291.234555
395.755279,414,1292.399314
353.746147,340,1293.342416
572.894892,534,1294.527789
594.43744,539,1295.790355
647.202094,515,1300.035674
955.338888,703,1301.432685
778.963185,575,1302.742053
376.571299,340,1303.756775
376.468423,340,1304.860103
906.820471,889,1306.665529
244.786033,414,1307.947583
419.161145,414,1309.303463
338.62597,414,1313.105959
337.007246,414,1314.122509
557.076162,463,1315.308415
577.468357,497,1316.623039
299.563096,340,1317.623342
1009.763145,819,1319.253458
415.113475,340,1320.177245
416.655104,340,1321.127865
424.854462,340,1322.16971
348.342073,340,1323.159739
604.028894,452,1326.956506
847.243763,862,1328.749136
290.847381,340,1329.769427
594.692705,527,1331.091454
614.805291,802,1332.623497
570.213616,515,1333.922976
542.18796,505,1335.253126
923.584815,743,1339.203847
350.77287,414,1340.305701
570.741941,546,1341.738808
436.028461,340,1342.780449
387.775207,340,1343.865916
268.113266,340,1344.927597
884.275855,883,1346.919116
454.456792,548,1348.365647
610.679171,477,1352.518897
635.479018,557,1354.017007
611.695039,430,1355.257709
561.051712,452,1356.553005
450.333646,409,1357.758743
61.368068,340,1358.973821
656.101936,522,1360.460213
1076.865625,864,1362.311372
579.064055,511,1366.43068
641.395746,559,1367.936051
438.239411,340,1369.046396
314.896534,414,1370.14218
640.34119,476,1371.530605
383.015501,423,1372.731042
461.071663,478,1374.141673
573.015749,497,1375.391795
371.625729,414,1376.585465
398.210053,590,1380.8732
274.288042,414,1381.942405
515.548623,511,1383.334901
834.403848,701,1385.057986
149.622998,416,1386.2003
360.053118,340,1387.166445
303.102118,340,1388.281227
787.007891,516,1389.681295
732.976071,474,1390.980041
414.838482,539,1395.249007
790.271837,515,1396.676945
305.639802,414,1398.00702
469.270548,437,1399.243772
443.31969,419,1400.53572
624.110959,533,1401.98085
708.311774,518,1403.374439
598.92352,641,1405.016211
500.06494,617,1408.897513
600.836691,546,1410.381566
725.545585,441,1411.618653
402.564636,412,1412.745446
472.454979,698,1414.272566
496.028905,437,1415.435638
690.0113,512,1416.748536
469.195661,531,1421.210516
593.806978,526,1422.419441
449.107283,414,1423.476713
267.610827,340,1424.420627
910.995829,626,1425.797456
443.452602,424,1426.944726
489.417452,414,1428.361056
236.670506,340,1429.468126
596.572616,414,1430.697721
545.258914,515,1431.951645
303.475684,414,1435.833092
323.323838,340,1436.744121
577.912749,683,1438.222097
215.176464,340,1439.192484
362.780444,340,1440.286554
783.759682,512,1441.643238
530.313167,340,1442.710775
533.654451,643,1444.152827
505.703324,511,1445.493294
269.585005,340,1448.843347
200.827955,340,1449.914566
600.596763,499,1451.158701
669.659977,521,1452.448018
999.206324,903,1454.169107
358.869243,599,1455.548911
408.601781,426,1456.67548
417.659166,547,1460.439173
393.107794,414,1461.584165
446.559124,340,1462.621206
763.758656,599,1464.010715
285.716655,414,1465.144561
540.245564,414,1466.33347
319.748035,413,1467.442869
349.843849,427,1468.668868
383.575229,414,1469.710083
305.007286,340,1470.790442
634.122012,414,1474.243058
549.39727,472,1475.313204
685.243542,493,1476.560702
332.749919,505,1477.975034
424.149461,340,1479.036896
786.151466,604,1480.572031
360.377389,424,1481.747683
398.326919,443,1483.027704
611.877688,612,1484.476718
421.901602,340,1488.095025
383.382597,340,1489.12638
462.092709,340,1490.174363
616.014988,427,1491.393076
581.62541,622,1492.816495
394.146822,340,1493.808992
444.968509,340,1494.782169
627.435733,483,1496.150453
310.532277,340,1497.24104
415.077794,414,1498.363831
577.613015,477,1502.760526
561.100139,630,1504.226405
474.970173,425,1505.353838
334.964131,340,1506.518026
588.365726,486,1507.877719
550.337064,567,1509.332585
487.167478,414,1510.521869
646.592449,414,1511.881143
421.943303,340,1512.924636
443.518194,445,1516.617158
325.064594,414,1517.802072
257.291166,340,1518.879048
652.470938,546,1520.259969
1017.393879,787,1522.033001
385.035792,544,1523.379407
612.760766,643,1524.838818
429.96212,423,1525.991724
423.573252,414,1529.457515
661.242758,552,1530.943585
607.609675,517,1532.180629
794.822445,708,1533.802464
463.666025,431,1535.133999
367.80662,414,1536.35105
389.459608,340,1537.468026
214.577512,340,1538.569189
212.826063,340,1539.651725
484.956315,467,1543.728625
522.700799,340,1544.76721
697.068813,501,1546.150176
344.066099,414,1547.466362
355.103066,414,1548.667136
465.796742,461,1549.981123
664.173022,595,1551.549236
415.881087,588,1553.05513
338.941518,340,1554.110588
793.867898,530,1558.426084
344.207115,414,1559.579676
332.031296,517,1560.889846
551.300088,921,1562.854772
553.627991,414,1564.041929
380.990266,423,1565.238658
832.306711,615,1566.729941
508.110057,516,1570.743152
797.361264,602,1572.222286
399.364212,340,1573.289842
356.731876,340,1574.377676
392.231288,414,1575.521776
533.523223,495,1576.918814
684.431182,621,1578.316415
580.717826,556,1579.651588
769.975692,855,1584.172994
489.78409,567,1585.675436
687.492951,479,1587.091614
299.427868,340,1588.208884
306.09144,340,1589.319297
318.961917,340,1590.393991
235.96122,414,1591.593958
635.983329,510,1592.991441
319.973904,412,1594.14959
647.887292,675,1598.042872
385.638506,414,1599.224618
475.303785,340,1600.310769
385.102691,340,1601.301173
327.728683,340,1602.313254
359.368227,340,1603.432912
563.238842,494,1604.838027
588.229309,508,1606.315365
427.356904,414,1607.509151
396.78505,449,1608.745688
235.242448,340,1612.160311
369.441417,414,1613.322061
105.107175,410,1614.522928
358.339552,413,1615.713971
518.277513,422,1616.95166
519.239833,340,1618.08855
832.337803,672,1619.737167
690.465647,530,1621.275687
418.57771,414,1622.535376
462.047544,601,1626.728794
705.338366,532,1628.183646
490.10473,340,1629.318084
349.509762,414,1630.583792
328.55495,340,1631.655119
524.278447,493,1632.908165
1259.781503,905,1634.771712
295.920502,414,1636.039073
375.387765,414,1637.143253
539.209694,414,1641.060317
376.985394,414,1642.161723
400.413575,414,1643.358282
782.533308,703,1645.033831
654.271815,473,1646.258875
570.794972,646,1647.779819
1181.880794,846,1649.501503
254.876622,340,1652.893915
331.535061,485,1654.188852
415.485418,340,1655.266949
427.523644,340,1656.28392
625.762464,578,1657.745681
498.225057,515,1659.264938
433.256004,414,1660.410363
180.809186,434,1661.639117
405.197499,431,1662.840937
537.037158,340,1663.776336
490.192679,677,1668.363884
539.668176,643,1669.70759
501.300607,574,1670.974294
381.843756,643,1672.333126
333.856408,340,1673.315215
317.545048,340,1674.414239
427.561308,414,1675.597316
-20.340056,340,1676.602379
458.921517,428,1680.646825
352.784396,414,1681.750071
760.688564,631,1683.216133
575.561834,598,1684.558542
441.864265,340,1685.572744
307.89427,412,1686.664665
487.281383,464,1687.842793
308.465797,340,1688.80336
544.46372,461,1690.067031
456.834212,340,1693.360733
535.314904,453,1694.634314
786.649787,810,1696.37608
442.871854,340,1697.460185
253.867875,340,1698.417818
368.657259,340,1699.452486
348.653662,425,1700.525319
476.500034,414,1701.708108
648.648513,531,1703.014942
498.894931,340,1706.911719
1323.880562,944,1708.706416
469.288239,414,1709.831662
452.093452,340,1710.965513
402.518573,340,1712.030867
540.612342,611,1713.480416
433.102072,340,1714.50813
396.519228,414,1715.591211
573.231368,406,1716.766359
947.419673,712,1720.725954
224.837934,432,1721.890492
579.045,505,1723.137187
473.895631,414,1724.247047
771.220676,518,1725.483089
519.024804,624,1726.897181
267.668981,414,1727.956685
634.08491,580,1729.39122
664.424737,414,1732.688137
287.658757,340,1733.68196
605.709169,521,1734.98602
274.990785,414,1736.201871
524.735416,607,1737.541108
475.051077,472,1738.816226
512.063073,586,1740.144146
414.749204,414,1741.314739
483.587683,471,1742.45441
431.532965,340,1745.999671
358.479367,414,1747.10124
619.598959,549,1748.527475
687.763933,380,1749.613241
523.545986,443,1750.847252
544.978413,520,1752.050299
1249.917497,1027,1753.977336
327.071221,340,1754.95965
373.941085,423,1758.627263
449.281605,340,1759.676177
650.069832,544,1761.118257
817.325642,759,1762.812912
497.20148,440,1764.083276
625.665208,666,1765.542545
888.202127,769,1767.217529
582.593542,518,1771.03009
238.050703,340,1772.092542
337.562705,340,1773.242982
760.802568,523,1774.745687
471.439542,423,1775.955263
552.847611,537,1777.407944
517.053649,340,1778.45014
775.313891,807,1780.197716
493.285518,516,1781.610128
399.560245,504,1785.275631
1200.091567,1067,1787.436655
315.279344,414,1788.643383
666.25069,573,1790.078574
687.563241,556,1791.517764
502.55549,484,1792.848907
865.19487,657,1797.221611
218.472481,414,1798.391553
912.739359,745,1799.919802
540.352621,539,1801.366291
721.013183,542,1802.755023
471.444163,340,1803.880465
610.518288,551,1805.316284
429.59132,525,1806.638236
793.868992,631,1810.678381
555.827411,507,1812.065
636.490645,423,1813.248256
893.629655,671,1814.753129
1041.222228,897,1816.57436
485.117002,673,1818.186908
691.194093,568,1819.525983
264.723222,340,1822.91871
803.000334,695,1824.600015
972.778831,836,1826.483294
719.499772,470,1827.714328
294.032202,340,1828.889096
350.815647,340,1830.015512
265.165467,414,1831.198694
528.969206,340,1832.341354
699.122619,414,1835.854465
657.137414,496,1837.230244
471.000275,520,1838.696442
530.247051,409,1839.974249
554.90562,605,1841.595535
419.026189,340,1842.709463
469.978949,434,1843.943283
422.344522,414,1845.138242
883.811845,679,1846.736396
420.147868,414,1850.343833
302.120303,450,1851.610144
616.198744,734,1853.231611
388.149111,340,1854.368625
631.81244,468,1855.701414
374.684574,439,1856.930526
562.382943,578,1858.382059
344.561136,414,1859.536557
575.284484,637,1863.633841
409.187714,630,1865.161375
370.405345,340,1866.232594
664.298731,769,1867.961094
735.904598,541,1869.409625
1161.611967,771,1871.124754
610.824768,492,1872.508041
1265.289923,911,1876.884073
588.938369,603,1878.372846
370.214619,340,1879.484527
563.216963,414,1880.766832
534.570439,491,1882.028692
332.04377,340,1883.190247
555.059113,453,1884.466436
324.977179,414,1885.750617
320.774086,340,1886.893674
359.246266,414,1890.365307
506.543306,414,1891.549412
456.577712,427,1892.658687
752.163637,638,1894.233276
306.30364,414,1895.433981
502.624963,437,1896.724189
292.661789,414,1897.860637
426.264303,414,1899.050504
586.102315,566,1900.558761
765.805995,423,1904.170954
314.23434,414,1905.334891
723.921255,492,1906.708423
808.389238,707,1908.721116
434.175196,414,1910.355384
603.169674,765,1912.100014
204.242405,340,1913.21384
422.662048,553,1914.661029
1351.401717,1173,1919.300302
353.82354,509,1920.800017
562.467888,414,1921.959824
520.917166,827,1923.774948
269.461166,414,1925.001764
512.660552,483,1926.299024
518.616479,340,1929.753459
348.070177,340,1930.829419
376.441471,422,1932.082138
495.433628,533,1933.461893
791.638037,762,1935.102625
590.129697,608,1936.640485
539.498479,649,1938.100085
894.390862,611,1939.652071
291.696841,340,1943.05155
220.678192,340,1944.089166
343.405611,340,1945.080769
794.249455,782,1946.882415
527.066619,417,1948.050792
255.313303,340,1949.172493
206.720023,340,1950.250271
478.553967,552,1951.666962
495.76237,512,1953.024703
447.128095,340,1956.906629
559.521733,571,1958.397993
609.939562,564,1959.772472
526.889714,568,1961.19963
336.025374,340,1962.272908
356.365029,340,1963.323814
549.960909,425,1964.458657
419.564951,340,1965.625598
372.666893,340,1966.687705
320.980871,340,1967.742025
346.19403,425,1971.71801
380.77142,414,1972.896708
875.640469,748,1974.560967
293.63355,340,1975.640494
235.33348,340,1976.773887
517.868276,544,1978.142518
377.647836,340,1979.246632
297.971709,340,1980.329013
526.071131,414,1981.497357
580.51463,435,1985.328144
490.059678,614,1986.759142
507.941565,414,1987.951213
552.174919,417,1989.233866
644.924913,724,1990.96156
529.641979,423,1992.113981
509.377318,678,1993.70854
291.804839,340,1994.796414
524.520916,451,1996.069422
651.402472,443,1999.630967
562.997625,628,2001.226631
250.34845,340,2002.366041
241.991275,340,2003.442409
751.263902,602,2004.838943
401.261579,340,2005.908564
285.494169,340,2006.980069
546.905226,554,2008.46714
434.566609,340,2009.525743
390.282494,417,2013.312596
820.557411,1026,2015.361655
564.282045,456,2016.548404
444.354083,340,2017.695017
778.715914,595,2019.10437
414.088683,414,2020.356478
388.33773,340,2021.455367
766.276165,857,2025.834864
542.100046,580,2027.257413
498.327186,602,2028.86527
369.40529,340,2029.92659
389.011361,340,2031.021423
400.578782,340,2032.060088
751.391653,575,2033.520963
525.476763,488,2034.862671
608.366851,583,2036.374842
320.30068,340,2039.797128
1040.775337,892,2041.687289
790.865149,560,2043.159822
384.375299,425,2044.366695
504.654908,592,2045.904946
527.996443,494,2047.174088
539.039618,540,2048.548127
660.638125,446,2052.494494
459.326737,760,2054.246969
466.295508,560,2055.713824
779.997396,913,2057.727934
1210.872201,1089,2059.942228
433.749769,557,2061.387781
342.993156,414,2064.888963
449.028609,425,2066.082668
287.143471,432,2067.333927
513.886292,461,2068.503077
608.380853,859,2070.446493
184.630827,426,2071.640696
489.290681,340,2072.709558
275.495167,340,2073.834076
251.117728,414,2075.010201
627.191458,457,2078.75701
351.803692,414,2079.938479
442.424244,414,2081.11757
159.885474,425,2082.29754
586.58733,724,2084.231426
524.394114,579,2085.830381
1129.145163,933,2087.774581
461.551655,414,2092.942635
622.766937,587,2094.313542
746.045073,627,2095.688353
474.771361,578,2097.059909
458.166073,509,2098.402725
813.645805,840,2100.190374
407.649307,414,2101.465909
732.601211,712,2105.810149
258.425835,340,2106.968432
647.846559,712,2108.694
451.140989,719,2110.257367
318.245311,426,2111.424162
541.361393,774,2113.205863
823.307709,1015,2117.827952
422.847809,414,2118.989205
672.44717,813,2120.642545
537.570952,521,2122.073284
233.06256,340,2123.178562
654.109496,578,2124.722687
464.756104,414,2125.923299
1285.872128,751,2127.549351
424.614858,414,2131.086137
246.14448,414,2132.257124
292.641609,340,2133.30778
316.307904,340,2134.429478
477.493908,414,2135.625606
554.9852,414,2136.835017
595.254826,548,2138.242741
459.032213,414,2139.426661
330.869884,340,2140.423601
688.959269,606,2144.553595
424.709228,340,2145.609304
824.906911,953,2147.599452
729.213644,443,2148.858233
656.27039,886,2150.863572
436.261029,414,2152.028655
529.568744,583,2153.544513
866.220753,926,2157.949188
624.929889,683,2159.486987
346.749553,340,2160.623819
322.115585,340,2161.65721
510.443386,508,2162.971948
394.549943,530,2164.475512
287.96864,340,2165.533786
196.278296,425,2166.725911
233.211994,340,2167.843243
636.326998,518,2171.807333
596.748928,658,2173.406107
415.341053,414,2174.658219
321.870182,414,2175.775594
709.422154,506,2177.175059
738.634498,857,2179.026641
377.867328,414,2180.241096
579.707807,547,2184.331272
606.127598,428,2185.629965
717.613473,863,2187.37617
293.454521,414,2188.547109
1102.642896,1150,2190.895475
614.515265,548,2192.351139
586.350597,554,2196.650436
492.337769,340,2197.778972
629.811103,550,2199.086596
440.220323,340,2200.265289
552.105725,668,2201.851196
775.151985,756,2203.439696
347.750325,340,2204.592547
814.538593,867,2206.57893
389.576354,414,2210.719262
353.30928,340,2211.817271
906.112552,813,2213.500465
554.183662,617,2215.00084
564.759099,425,2216.229279
681.857403,542,2217.631378
547.518908,721,2219.330308
581.12244,556,2223.631799
599.674897,600,2224.900069
333.06165,414,2226.056462
715.954042,656,2227.697346
348.219596,340,2228.752544
494.565361,340,2229.855046
927.541546,659,2231.301509
437.196807,665,2232.889873
411.439867,340,2236.723817
289.83844,340,2237.756032
581.583639,670,2239.192818
613.09964,526,2240.531692
325.684739,425,2241.731317
477.498615,546,2243.104709
291.97155,413,2244.275698
198.519826,340,2245.34405
993.056388,851,2250.063239
267.148691,340,2251.174393
205.990002,340,2252.206736
256.126072,414,2253.396747
916.691677,952,2255.39569
137.140405,433,2256.634564
594.767498,414,2257.879568
342.539293,340,2258.921276
409.712235,340,2260.068048
315.197286,414,2261.26612
762.894342,949,2265.837722
368.695015,414,2267.018986
518.399161,414,2268.364213
394.503229,340,2269.445423
628.480997,706,2271.057757
557.53902,603,2272.600336
200.272185,340,2273.644064
315.694879,340,2277.449506
573.291383,559,2278.741531
746.663083,857,2280.519517
555.723304,717,2282.13713
962.56008,814,2283.769758
326.808781,340,2284.822521
801.825702,577,2286.203352
419.380954,464,2289.694003
733.746376,647,2291.169156
1044.111855,955,2292.999907
339.393205,340,2294.058989
234.253133,425,2295.184743
514.97063,717,2296.837469
474.5202,340,2297.851305
316.696833,340,2298.787648
826.777244,829,2302.926274
1203.591549,927,2304.763994
618.838784,646,2306.247141
375.906836,340,2307.267267
524.931862,340,2308.366794
500.071252,340,2309.302316
778.529994,756,2310.963904
379.442189,340,2314.499866
423.745011,508,2315.732491
179.846565,414,2316.864616
333.39029,414,2317.959626
379.046317,340,2319.010745
688.717864,815,2320.784822
1261.015831,812,2322.480891
519.678871,726,2326.850143
492.578556,414,2327.905124
788.395464,800,2329.430784
186.793574,340,2330.492958
362.116169,414,2331.621536
579.013705,627,2333.331398
570.597116,543,2334.65124
405.017964,414,2335.764579
413.683695,414,2339.604299
411.336056,340,2340.630392
556.936035,591,2342.103251
947.493352,847,2343.907489
353.922261,414,2344.986919
550.810375,610,2346.422037
261.389692,340,2347.441736
526.735837,584,2348.871462
390.948466,340,2352.114442
543.156872,526,2353.425952
293.431657,340,2354.466645
112.519087,414,2355.652203
337.366839,340,2356.639656
802.742228,916,2358.38551
299.524897,424,2359.507443
905.185543,942,2361.315209
438.05165,561,2365.109578
298.608689,340,2366.213095
1096.792392,949,2367.923836
384.188636,426,2369.046288
319.747478,340,2370.059465
708.126465,1031,2372.099551
634.10297,566,2376.024001
1151.567661,1031,2378.051565
691.764591,643,2379.490027
267.714612,340,2380.520522
523.720815,624,2381.938771
568.22925,644,2383.446412
407.563029,414,2384.582814
304.381253,414,2389.19996
794.296972,834,2390.878959
717.231073,568,2392.25799
368.389001,722,2393.821646
737.895004,1008,2395.65652
361.419916,417,2396.758917
810.407771,978,2402.546965
684.659996,691,2403.97546
404.796014,340,2404.974874
431.72847,414,2406.037312
412.601215,414,2407.116714
628.545807,648,2408.728996
201.267332,340,2409.756984
517.987908,731,2411.602176
530.521022,586,2415.988622
603.170122,575,2417.551299
410.17293,414,2418.82176
478.386422,559,2420.140589
261.080544,340,2421.265013
278.838338,340,2422.355679
418.838524,414,2423.572233
788.971088,722,2425.298249
131.004232,340,2429.13347
469.412322,414,2430.332045
709.684317,769,2432.089311
358.066055,414,2433.320347
269.330273,340,2434.379031
423.421178,426,2435.610121
568.064283,574,2437.045527
699.925273,592,2438.540063
200.131754,340,2439.688862
529.501267,340,2444.123273
212.569633,414,2445.319518
662.197208,414,2446.592377
619.042203,570,2448.152139
539.520334,414,2449.559007
748.506921,498,2451.144488
610.325921,567,2453.850214
375.994001,429,2455.767766
255.450024,340,2456.794226
292.92789,340,2461.409318
438.560268,499,2462.790678
433.886338,697,2464.568664
766.249267,797,2466.599631
577.884261,603,2468.205549
372.516754,340,2469.366891
1406.295362,1491,2475.743773
650.641617,609,2477.403648
503.919721,496,2478.768976
703.743522,573,2480.359077
287.815659,340,2481.534013
500.072926,772,2483.411005
754.760507,881,2488.584019
246.483783,414,2489.791764
188.506956,340,2490.872266
451.907447,340,2492.032152
690.945339,636,2493.686996
260.260041,414,2494.963333
447.147187,340,2496.09896
589.433721,851,2498.033811
599.022688,557,2499.557365
441.05144,340,2503.890457
363.620773,340,2505.021817
363.2268,414,2506.25699
604.284,764,2508.072784
195.139736,340,2509.294516
287.753688,414,2510.451826
119.180692,340,2511.569942
205.373967,340,2512.821385
153.402028,414,2514.07506
400.010251,340,2515.277135
338.213111,340,2519.586483
311.499096,414,2520.832096
279.982669,340,2522.017288
274.222555,340,2523.143568
345.95588,426,2524.495516
188.026013,340,2525.595135
254.844661,340,2526.689331
311.359396,453,2527.937592
389.689102,340,2529.042219
264.557561,414,2530.383464
539.530288,507,2531.697015
272.76279,340,2535.721025
639.133989,493,2537.189551
275.468249,414,2538.407873
611.664032,520,2539.78599
622.326063,446,2541.060908
462.111277,523,2542.561353
387.490319,340,2543.746872
186.42423,340,2544.902601
725.890435,767,2549.930909
296.46856,414,2551.172763
169.357917,340,2552.266072
1039.733316,1093,2554.58361
507.144754,340,2555.782178
586.959196,597,2557.406189
744.750586,856,2559.506226
715.838366,597,2564.258051
375.323857,414,2565.572149
166.525713,340,2566.712384
452.253287,340,2567.872833
480.381902,414,2569.134084
375.735282,414,2570.424493
207.253702,414,2571.622903
420.048743,627,2573.258961
217.663654,340,2574.475502
380.045223,340,2575.578456
688.920243,548,2580.467608
363.798227,340,2581.689973
479.146844,582,2583.178243
342.244124,423,2584.394732
572.880862,629,2585.98612
1060.212034,1019,2588.317558
915.253877,986,2593.672967
250.820218,414,2594.944927
549.329104,414,2596.25275
268.969956,340,2597.437355
586.944705,748,2599.197323
591.809194,524,2600.629753
274.472978,340,2601.831599
397.933622,406,2602.964187
369.033983,340,2604.0365
339.251452,414,2608.511515
309.599417,340,2609.544825
146.174524,414,2610.79524
1015.429433,895,2612.74894
285.678729,340,2613.896574
293.263085,414,2615.06815
447.193947,635,2616.666395
196.674102,340,2617.76455
408.855227,605,2619.41095
413.706993,769,2624.196557
527.684,440,2625.542212
718.437487,756,2627.313851
266.897059,340,2628.489675
186.358433,340,2629.522571
226.199907,340,2630.712242
367.609392,414,2631.970154
354.788236,414,2633.275511
398.355101,447,2637.482494
457.332696,628,2639.102623
569.169595,589,2640.635741
223.713915,340,2641.803627
270.77193,340,2642.950163
455.897947,414,2644.254197
141.333051,340,2645.400819
276.136434,414,2646.782099
329.577485,414,2648.099534
505.382347,1252,2653.673598
591.562334,583,2655.26255
494.391646,411,2656.483633
627.038908,747,2658.432628
545.716049,414,2659.698801
263.123694,414,2661.071797
492.113843,607,2663.66182
281.255471,494,2667.829067
346.708052,411,2669.028876
546.123898,565,2670.650687
430.353898,340,2671.996899
141.34997,340,2673.14545
197.95442,340,2674.366574
311.731699,340,2675.529727
676.205666,856,2677.482935
502.700132,565,2679.082721
547.455174,773,2683.965663
510.53819,532,2685.517316
420.980476,698,2687.439996
372.469443,463,2688.871009
861.110539,1256,2691.608577
354.632626,414,2692.890866
181.510969,340,2696.95889
1091.76269,913,2699.003453
680.345612,686,2700.864118
624.464237,644,2702.608662
63.30945,340,2703.865036
706.123551,580,2705.584634
978.325311,709,2710.842291
807.931695,962,2712.916321
603.958235,417,2714.143061
471.565401,772,2716.021158
213.610051,414,2717.324301
506.340554,832,2719.329647
719.401054,848,2724.853763
501.518516,461,2726.160844
1186.040091,853,2728.056887
464.985987,619,2729.651915
917.418042,1208,2732.348624
300.808466,414,2733.742237
255.633008,340,2737.915968
599.479451,862,2739.878874
761.708645,804,2741.804151
376.894309,414,2743.202811
323.768668,414,2744.640408
522.847862,697,2746.783201
434.917263,531,2748.513236
540.805667,725,2754.452407
392.840162,340,2755.563401
298.869694,579,2757.363657
337.617324,340,2758.617022
159.56177,340,2759.958416
624.623648,425,2761.282089
288.693012,455,2762.535722
501.082803,699,2764.350845
632.102638,946,2769.470656
355.428953,414,2770.687348
584.58815,548,2772.176003
675.824635,651,2773.738142
448.195544,905,2775.740652
735.281854,556,2777.553781
668.057365,503,2779.863441
301.269959,414,2784.458117
364.020395,340,2785.596962
443.947677,414,2786.801712
225.48478,340,2787.961231
312.412709,340,2789.012188
494.828903,589,2790.590197
205.307671,446,2791.832503
439.002519,414,2793.147831
111.627358,340,2794.591887
