#{"t_start": 1761614047.041809, "env_id": "None"}
r,l,t
-682.242752,340,2.423166
3308.12906,340,3.398528
1544.306793,425,4.4373
-7393.223895,340,5.367902
-740.409101,414,6.33307
2179.828236,340,7.210568
2205.876312,340,8.07712
-9629.912416,1093,9.598368
2588.55403,414,10.462804
-3235.602245,414,11.355185
2560.610011,414,12.272187
-15504.793521,1194,13.862631
1322.11431,416,14.884562
-634.431434,340,15.80969
1789.675488,340,16.700304
2678.156031,417,17.645582
-5035.880507,414,18.558338
-8468.418965,437,22.70354
1583.945398,340,23.528984
-2978.333136,340,24.37324
-6853.54782,423,25.307227
3442.698582,340,26.136216
-16556.414385,414,27.022995
-5392.617883,414,27.924153
-10202.641154,414,28.804029
-7520.469491,414,29.782084
3015.758293,340,30.670219
-25700.05742,950,32.048046
-7877.741638,340,32.908414
-1007.358164,411,33.801112
-15890.899835,1221,35.406053
3753.074283,417,36.298607
3311.954142,340,37.102923
3414.455596,340,37.920873
3481.730871,340,41.93317
-10804.985154,414,42.913212
-14306.097839,435,43.859296
638.420994,340,44.721187
-9198.810106,414,45.62518
-11732.160053,933,46.982179
-761.040838,446,47.881968
3105.105688,414,48.771781
-6127.939273,414,49.669346
-1190.793855,414,50.545233
-9685.833562,426,51.488266
3502.434048,340,52.342453
1895.061729,340,53.211658
-1262.265145,340,54.072129
3106.819388,340,54.925107
-8100.653652,416,55.837527
-5535.09278,414,56.746767
-7383.901631,340,57.59325
-12737.755182,414,58.51327
2971.690809,351,59.393025
1361.424785,452,63.448542
3420.323185,340,64.287471
-2175.174095,340,65.128599
-7009.128979,340,65.959798
-15576.602091,414,66.846117
-23330.462361,769,68.045696
-9415.487637,414,68.930027
-5675.147412,414,69.853653
2464.756907,340,70.731075
-32758.54634,893,72.060576
-2341.280864,340,72.91826
-9339.849113,340,73.754795
1301.833747,414,74.662322
3616.385483,340,75.517034
-856.166153,340,76.364136
-8749.223992,340,77.201306
3111.929362,340,77.997974
2123.55857,340,78.814798
1080.008404,426,79.731361
-11561.733268,412,83.733181
2883.821071,340,84.640455
-8362.251633,414,85.571328
-8290.587404,414,86.482894
-6200.859314,414,87.381877
-10713.768793,414,88.286816
-11123.397512,340,89.282957
-7551.753279,414,90.258518
-9036.600535,340,91.083641
-7952.544885,426,91.983773
-18133.845211,946,93.353567
624.280036,340,94.218879
3458.856603,340,95.058612
2407.355719,340,95.897087
1423.168941,340,96.736612
1448.679183,419,97.637266
3264.700532,340,98.481438
-8016.706118,442,99.412736
1018.720601,340,100.253542
-11744.892237,414,101.14946
3526.679278,340,105.039057
977.840532,414,105.979238
-30466.404819,1195,107.554056
1928.979151,340,108.386032
902.688667,414,109.283047
-15808.825542,446,110.198796
802.353054,437,111.152929
1904.84103,414,112.087013
2553.436411,340,112.939621
-289.275095,414,113.86285
-7475.15745,414,114.776511
2897.276077,425,115.731861
-3485.979447,340,116.607616
-11478.491746,414,117.507847
-585.99151,413,118.361225
3262.797587,340,119.185907
-6357.995635,414,120.08303
2153.5143,431,120.995519
-21851.677628,2363,126.61632
2836.091048,340,127.427475
-10666.335689,414,128.312611
3527.362497,340,129.124658
-7085.541082,414,130.010195
-24723.097736,958,131.405947
2187.901324,414,132.303217
-29026.624407,920,133.640831
-7848.128086,340,134.474166
-10108.219195,420,135.394873
-4371.763918,414,136.310886
288.684862,414,137.242062
560.458238,340,138.088424
-12095.248303,446,142.005463
-10083.698074,429,142.990553
2954.005408,340,143.875343
3480.156993,417,144.798027
349.329706,340,145.662426
-4642.380875,414,146.59593
-5476.90695,424,147.56599
-22158.075968,1448,149.436046
-7175.274657,340,150.253592
3317.059866,340,151.101974
-10232.268533,340,151.962775
3378.644638,340,152.836779
-6579.920281,340,153.704485
1580.720201,424,154.58491
-15213.944965,437,155.498691
-15370.346856,414,156.394326
-1123.734396,414,157.306801
-3331.74448,425,158.237295
-1323.030491,414,162.280393
-8993.554538,414,163.289376
2903.736959,340,164.216622
657.308748,414,165.192106
3413.491894,340,166.050778
-9261.373976,414,166.918955
-11068.335048,412,167.802979
-2338.540777,340,168.634391
3166.805837,340,169.487054
-3901.01157,414,170.411604
-985.933066,340,171.269987
2831.489454,340,172.123581
3841.745556,340,172.993248
3643.614405,340,173.888597
-7715.496157,1506,175.783373
-12016.765725,417,176.677799
3281.642709,350,177.537657
-8126.827603,414,178.465894
2086.353291,415,179.410461
3280.123562,340,183.366877
3353.078945,346,184.304408
2944.083298,340,185.187064
-19375.336863,1036,186.674011
55.300066,340,187.532673
3047.526519,340,188.400026
1980.884873,340,189.253902
-7410.48031,340,190.142055
-2891.470855,340,191.028371
-11051.393377,340,191.915113
2267.293962,414,192.871807
1130.132401,340,193.740309
1022.101253,414,194.661914
3612.835124,340,195.532492
-383.084268,340,196.413307
3966.864347,340,197.293434
392.695393,414,198.20226
862.909171,340,199.082398
3471.873465,340,199.947032
-8746.211699,414,200.89235
3266.048443,408,201.825581
348.962865,414,205.972672
3322.814359,340,206.888219
257.927107,340,207.711981
3247.284796,340,208.596828
-12736.021674,414,209.570405
-9355.724146,412,210.490691
-9142.442306,436,211.408593
3031.727325,340,212.270072
3149.173562,340,213.13441
711.127228,340,213.995149
-10964.756824,426,214.923625
2163.901957,340,215.772391
2842.893836,414,216.693135
3127.114503,340,217.564726
-483.80325,414,218.465461
1492.112029,414,219.382019
-6424.58734,414,220.969175
3584.388135,340,221.799159
12.506345,425,222.586954
3123.36189,340,223.375865
-10738.999102,928,227.838331
277.323641,412,228.835329
-3956.754341,414,229.773533
877.304152,340,230.629869
-9721.599219,340,231.474477
-12584.449976,410,232.376455
197.351953,414,233.282116
2366.874438,340,234.169969
3624.958934,340,234.999693
138.632257,414,235.907723
1092.910981,340,236.766808
3515.547503,340,237.632593
2798.948911,340,238.503505
-4369.053015,418,239.512359
3328.18384,340,240.944808
3531.751056,330,242.191882
-324.103306,425,243.529833
1180.354789,417,244.777154
1259.136655,340,245.834934
-16837.54127,839,247.333535
2328.220247,340,254.231762
-10194.947757,414,255.462257
-26346.792647,731,257.272857
-9745.070923,414,258.370047
-4339.092953,962,259.848039
3019.644665,340,260.664918
-5513.929757,340,261.549393
-12938.647948,414,262.493014
-8865.023752,340,263.366426
-5512.784132,414,264.332031
-7903.558319,340,265.207734
527.018911,340,266.116231
-4514.588356,445,267.123371
-15539.413604,1216,268.784415
-25861.53447,1548,274.070863
118.02859,340,274.976363
-4933.086523,414,275.918215
2460.45927,340,276.811568
2659.192708,426,277.759482
3155.567899,427,278.880646
2616.674792,340,279.768999
-21623.617138,830,281.115819
-31777.92969,1111,282.712523
3458.866865,340,283.596669
-2251.833197,340,284.474835
-1323.282802,340,285.354803
-18934.400406,433,286.284961
1728.610135,414,287.186757
-6461.050657,414,288.134872
-15893.729075,1386,293.770468
1577.78491,340,294.909769
-10121.98536,414,296.01131
-9080.806842,340,297.050476
3180.654407,340,297.947037
-26545.517493,1554,299.879726
-4748.158035,425,300.797253
2652.979499,340,301.660361
-8636.652472,340,302.521924
-11573.400776,419,303.459587
-663.840562,340,304.33992
-7553.093268,340,305.188771
-5094.827229,414,306.07986
-13028.751955,425,307.031215
-12759.890365,413,307.962532
2959.612701,340,308.820842
-5116.321056,417,309.770977
-481.443479,340,310.646604
-9708.720766,414,311.605886
-23435.427289,864,316.347488
-13239.405906,414,317.250195
3383.653294,414,318.128447
2466.162476,414,319.053054
3486.75829,340,319.961457
3037.934244,414,320.905698
1222.411146,340,321.769902
-19324.213949,1183,323.496995
-9930.750109,414,324.43618
1873.721772,425,325.418508
3059.702645,340,326.330582
3513.039377,340,327.243477
-9210.150152,424,328.23375
-7502.303414,414,329.19173
-1488.417783,414,330.136082
-8491.991173,1406,335.240436
3447.963122,414,336.220186
-6817.720698,340,337.098767
-18649.748481,689,338.311479
-11025.35894,414,339.236077
-30913.042515,1288,341.048254
-36764.946825,2503,343.799891
1959.184997,340,344.658425
1490.957259,414,345.607806
2522.153589,340,346.491253
-39106.686406,2524,352.567212
-1200.236072,425,353.457069
2707.56995,340,354.301365
-20460.728654,924,355.716436
-16706.785573,703,356.929645
-4910.39242,1023,358.41042
-11460.926947,413,359.312359
2449.473246,414,360.245964
2320.04311,340,361.129364
-1241.913319,340,362.013444
2904.464699,340,362.896115
-2763.226973,414,363.83871
3137.772566,340,364.739521
3116.145087,340,365.61278
3089.238092,340,369.682791
-29133.639857,2189,372.234095
2496.315068,340,373.101057
-12793.466156,414,374.077673
2827.064046,340,375.127941
3689.671193,340,376.101819
-23332.334599,1161,377.658771
2930.327745,340,378.50606
-973.617863,424,379.454089
-12161.053454,415,380.382528
1809.185984,340,381.261987
1655.753787,425,382.229218
-11258.93472,414,383.160592
-8775.111042,414,384.092218
-5754.939155,340,384.949637
-7594.473352,414,389.51896
-3393.805753,418,390.48908
2573.825304,340,391.368989
-6902.769661,414,392.336968
-1063.083925,410,393.290596
2434.785374,340,394.158663
-6935.772824,340,395.042801
3409.499023,340,395.921166
-17736.541027,1611,397.866337
-6722.672855,414,398.756574
2083.587807,340,399.618937
-11170.959266,414,400.567687
27.129411,340,401.423106
-12240.905416,416,402.345216
-7656.749344,340,403.232833
-2191.413213,340,404.116636
510.771809,426,405.10445
2905.937306,340,405.999083
2969.064174,340,410.230701
-2078.669814,414,411.27987
3497.616367,340,412.176554
1243.917895,438,413.148836
3571.543389,340,414.008909
83.517029,414,414.899524
976.783671,425,415.829006
-2610.971496,426,416.751143
-8454.733777,414,417.691211
-3412.335577,414,418.62975
3507.59064,340,419.50423
-7285.192412,340,420.381597
3087.270908,340,421.249434
-6612.077955,340,422.108281
175.515622,340,422.965313
-1062.774607,340,423.849966
-14045.950452,2700,429.922249
2760.155059,340,430.812961
-10164.852823,438,431.767231
1979.093701,340,432.65846
-15078.597675,1928,435.397879
-10221.951457,414,436.297576
-20587.967235,2534,438.991647
3200.428186,414,439.867613
3328.987296,346,440.74724
-1636.935148,414,441.663197
-18356.904696,1250,446.708054
3000.480268,425,447.685257
-6251.398213,340,448.530005
2798.839645,429,449.421693
-5682.705294,419,450.338978
-4783.194029,414,451.246404
-31293.150497,1713,453.201825
3426.323145,340,454.059624
-23728.230773,1560,455.971092
2536.989374,425,456.895225
3682.29287,340,457.74321
2255.278632,340,458.585977
1791.201127,414,459.50343
-7235.013183,414,463.564922
-5397.115156,414,464.532082
766.363273,414,465.445717
2820.687375,408,466.364204
3595.644058,340,467.222951
2653.358323,340,468.063748
928.560927,414,468.945836
-5745.552487,414,469.845334
2472.316685,438,470.795173
1921.335528,340,471.651325
2895.847692,340,472.530873
2264.463919,414,473.490632
-9364.310152,414,474.418817
-7468.1534,1779,476.470361
2866.211683,340,477.287476
-6592.416857,414,478.200296
3750.41506,414,479.127021
-9138.495163,340,483.179615
-7069.23436,414,484.173245
-6888.3277,413,485.096292
2901.289202,340,485.891447
2322.630874,340,486.732061
-14691.791085,2510,489.423586
3335.135503,340,490.278906
106.078844,432,491.169426
1132.515292,340,491.98723
2463.207692,340,492.845778
-20329.454149,1456,494.672244
3185.391057,340,495.531202
-15178.344992,765,500.039336
-5629.631879,340,500.983953
-11207.529313,414,501.939441
-12442.227202,1744,503.92651
3614.955418,340,504.75287
-8845.650754,340,505.616975
-11891.526304,412,506.512956
-8047.253637,414,507.452661
-13542.996477,425,508.360275
1944.746358,414,509.257699
2791.426491,340,510.121486
3398.548478,340,510.991514
2962.144261,414,511.934475
2145.055084,413,512.880712
-6758.953363,340,513.754279
-11208.605793,1395,518.726471
-5872.35414,415,519.643124
1919.103701,340,520.549224
-30150.397525,2116,522.989877
3871.022458,340,523.811193
-17956.801545,1980,526.072143
-3060.072251,414,526.965927
-11174.001358,414,527.886471
3801.647301,340,528.763351
-6620.384712,414,529.725877
2877.729375,434,530.647198
-11334.552354,414,531.559521
-9624.38823,412,532.488486
3205.285134,340,536.737528
2040.492579,340,537.650262
-990.464903,414,538.593528
2446.083704,414,539.537326
3454.184633,340,540.43174
-6363.545212,414,541.384125
3568.391401,340,542.203069
2265.336632,340,543.070706
-8836.059534,417,544.019433
3182.633006,340,544.895943
-8807.776155,452,545.880342
-2115.547277,414,546.817693
-3556.810749,414,547.753123
429.282078,340,548.629679
3314.793599,340,549.529989
177.83142,426,550.532992
-12951.833003,426,551.507153
3581.128148,340,552.389776
-957.187854,414,553.337928
3068.38276,340,554.220046
-5473.009206,419,555.170745
2739.592817,417,559.27323
-8750.43686,414,560.225267
-7403.282234,420,561.161826
-528.521799,425,562.119114
-8967.760042,414,563.092738
-3215.086222,414,564.018861
-608.324635,414,564.95498
-5873.794996,340,565.85233
-1058.013261,414,566.880384
-14004.863157,1835,569.018524
-560.950892,340,569.882601
1469.546173,340,570.754328
3448.994337,340,571.617733
3364.925764,340,572.501677
-1541.270722,414,573.45189
3394.935454,340,574.329341
3859.574401,369,575.244451
2999.154136,340,579.222081
-8796.017123,414,580.195051
2288.661056,413,581.13247
-9573.486689,340,582.017785
612.099399,414,582.959759
-1818.683915,412,583.894853
-7165.920389,418,584.846776
-5203.319539,414,585.785865
-25397.602173,2700,588.598188
3817.442573,425,589.489542
-12239.462725,340,590.346272
-452.980803,340,591.186866
-1166.496086,414,592.105105
3833.250125,340,592.98342
-14083.198412,2700,599.051493
-2857.402357,426,599.914726
3185.195171,340,600.76267
3268.934333,340,601.640003
-718.629808,425,602.597716
-8807.636278,340,603.484994
-8996.709342,414,604.430567
2052.4978,340,605.339556
-7043.556949,414,606.301066
950.819367,340,607.159135
-8553.481665,414,608.089636
3442.534573,340,608.954269
-32398.330269,800,610.272774
3493.473901,340,611.141068
2571.351066,340,612.029904
-9740.718277,420,616.129916
1763.653858,411,617.148559
2952.430395,426,618.130338
170.453654,411,619.076588
3570.949152,340,619.970917
-6718.841053,340,620.831125
-1152.280458,416,621.781406
-1480.3855,340,622.661987
-5547.838036,419,623.595843
-2747.428979,415,624.533106
3274.839502,423,625.475915
-7571.319752,414,626.387819
-4360.413842,1576,628.507075
2623.530851,340,629.41174
-9050.574366,414,630.363657
-25716.614176,1175,631.975468
-801.882269,414,636.131848
-10012.232453,414,637.114866
3711.21164,340,637.973046
-30327.743036,936,639.374441
-9129.608614,340,640.23472
-345.198466,340,641.111594
-527.365231,340,642.005769
-9422.714622,340,642.897987
-2478.89228,340,643.780116
-6280.210327,340,644.665947
3293.786408,340,645.557649
-10783.796125,414,646.506505
-8304.700421,340,647.387455
2850.871644,340,648.283976
-7757.146413,425,649.237573
-8805.123825,414,650.158278
-7460.94829,414,651.054003
-8017.845183,414,651.983575
3180.309965,340,652.857544
-5591.599577,414,653.835949
2333.537365,414,658.05979
3911.892781,414,659.032337
-11676.044824,414,659.967736
-691.45604,340,660.847512
1684.271515,340,661.66639
2896.967036,340,662.537629
-15000.888441,414,663.463424
-10050.155542,425,664.410924
1721.86512,340,665.279988
-10728.6211,443,666.26202
3456.056486,340,667.167111
-132.068184,340,668.052672
1200.502316,414,669.016387
-10488.465391,414,669.962929
171.497623,340,670.845191
2384.162916,414,671.806147
3857.283246,340,672.748349
-6630.643577,414,673.712974
737.34342,414,674.646588
-27963.78234,1675,679.884043
-5023.265655,416,680.842709
3843.543035,340,681.739774
-6126.005725,414,682.700107
2182.582171,340,683.597143
-22140.011747,1788,685.71672
-4780.49663,419,686.639629
3817.801966,340,687.5359
-16179.671525,414,688.513812
3446.352997,340,689.393646
3143.210425,414,690.31522
1539.537348,340,691.178189
2782.604229,340,692.096774
3627.896918,340,692.961029
-6691.521108,422,693.880088
422.289237,340,694.713714
2443.158925,340,695.589166
-6065.765911,425,699.784344
3545.821386,340,700.816836
-8476.02641,409,701.824377
-4087.353252,410,702.801193
2627.322638,414,703.758779
3472.234994,340,704.652647
2876.706721,340,705.533047
-6437.744608,430,706.473797
3302.763227,426,707.402312
-2086.972696,414,708.35618
-5073.835148,414,709.273863
3473.689365,414,710.186176
-315.056066,414,711.037051
-11362.326165,413,711.949132
2736.908696,414,712.88641
-6989.63103,414,713.854503
-27756.181225,1144,715.389502
151.782003,340,716.239168
-1041.076084,409,720.341547
-28945.185946,1690,722.43471
-5675.278699,425,723.329904
3927.220233,340,724.188502
-12419.702801,425,725.119852
-9965.440521,414,726.054951
-4851.829863,414,727.002677
-5964.608504,340,727.867679
-31708.295305,1590,729.910682
3934.926731,414,730.811634
-6229.805907,420,731.755585
-9898.585825,424,732.696
3126.930439,425,733.655047
3157.241519,455,734.808918
-8344.36444,340,738.919718
-2319.279879,414,739.913892
2663.495786,417,740.861295
-2956.562091,414,741.788811
-8776.371071,1269,743.477007
2296.226617,340,744.294478
2870.176915,340,745.127691
2839.887204,414,746.032686
3337.756531,340,746.84006
2915.675426,340,747.701916
-9476.274071,414,748.684373
-17363.061518,2426,751.318168
-8519.524986,425,752.308037
-1255.818665,423,753.22442
-24627.189719,1906,758.61064
-595.305741,425,759.500332
3318.42255,425,760.445703
-7919.315418,340,761.298332
3008.334977,414,762.243939
2242.34352,416,763.202357
985.976984,417,764.190156
-1720.059599,414,765.156524
-7683.407968,1226,766.812449
2290.690539,406,767.69525
2109.294687,340,768.522858
-9642.990849,414,769.423979
-903.009923,340,770.233923
-10253.775243,414,771.146682
-1984.257424,457,775.450534
-4446.792206,891,776.948413
3317.645665,340,777.800815
-26182.5713,934,779.148341
2230.890801,340,779.970531
2304.4783,340,780.815637
-6024.986641,1490,782.586077
3244.199696,439,783.507962
995.180941,426,784.439132
90.173825,420,785.381905
3713.239268,340,786.262428
2346.761111,340,787.132244
-9874.04579,990,788.572049
2027.060344,340,789.385158
65.068134,340,793.391745
-3447.750043,340,794.319541
938.229987,340,795.203655
1406.661444,340,796.097303
-1485.850023,340,796.979401
-14640.714929,1898,799.190116
3316.896464,340,799.999928
-1934.863004,414,800.914841
2826.954884,336,801.780056
2774.236908,340,802.653076
237.467204,340,803.518168
-38442.65188,1258,805.113247
-6455.240032,423,805.958451
-38136.600118,1566,811.113855
2556.951814,340,812.014669
2578.05596,416,812.990315
3156.290422,425,813.952904
3174.706273,340,814.824997
1961.697089,340,815.639953
-10919.228626,414,816.557284
662.912745,340,817.502485
-12939.263708,414,818.478341
2334.133601,428,819.430255
3205.361005,340,820.32417
-7328.21655,340,821.203562
2980.164646,340,822.076062
-14015.619355,1924,824.340855
-9932.940915,414,825.242432
492.615908,450,826.19297
553.578362,340,827.065642
-5808.987782,414,831.115747
-12403.7388,414,832.077971
-7252.270078,435,833.043676
3565.305849,340,833.955746
-1071.083648,414,834.921742
-7579.073453,340,835.814802
2312.094572,414,836.779624
2333.066619,340,837.672161
-20713.929442,1030,839.157236
3003.247011,416,840.045822
2993.750261,418,840.958751
3653.504611,340,841.837606
-1575.280648,340,842.715682
3358.868954,340,843.601055
1710.959478,433,844.549271
-524.631429,340,845.419809
-4237.237188,1707,850.668163
-7952.987639,1715,852.706999
-13955.915151,426,853.597509
3325.230294,340,854.453075
-4539.25616,414,855.41372
-4696.517235,1571,857.362753
-8292.899132,1471,859.145503
-8830.193548,426,860.046171
-78.222965,434,860.998294
-972.810359,340,861.821644
-21885.943909,1005,866.582252
-298.711132,414,867.581535
-406.132427,413,868.518943
2889.446256,410,869.493742
-881.863987,340,870.383861
-487.709217,414,871.328156
2980.903806,340,872.205388
3397.456812,340,873.059234
-2179.789296,446,873.999537
3248.127811,340,874.866993
3015.090269,340,875.74572
-1581.438816,414,876.698543
-24408.952938,1340,878.469237
-8123.621101,340,879.434517
3275.291211,340,880.32656
3093.170042,340,881.193061
482.07285,340,882.075614
-800.75906,340,882.974161
2375.566479,418,883.911106
-8924.438459,340,887.942126
3956.073768,340,888.879406
2573.713057,340,889.756811
246.55399,340,890.628067
3568.154658,340,891.502613
-5342.195964,414,892.448487
-11707.048513,1265,894.357228
2420.702551,340,895.20016
3417.863056,340,896.050742
4188.91035,340,896.890824
-20061.335465,1088,898.412065
3624.571421,340,899.249935
-8012.075736,414,900.174189
2975.607518,340,901.045458
-21555.715876,2351,906.945544
-13039.608269,431,907.88892
-7944.507789,414,908.807174
3230.303923,340,909.614741
6.477196,439,910.57775
2488.64374,340,911.532406
4065.317675,340,912.42397
3319.028717,426,913.401963
2921.430856,340,914.289372
3578.844655,414,915.249664
-17066.247929,414,916.221666
3471.963698,340,917.107081
-12101.002361,1092,918.671948
-290.386254,414,919.577739
3674.674198,443,920.558583
-8766.795016,425,921.518734
-2746.24782,340,922.418225
-2038.587079,340,923.304319
2891.121724,414,927.439566
-8405.142071,340,928.503945
-4928.787939,414,929.608186
-781.788458,340,930.564162
3423.140118,340,931.466635
729.566048,340,932.345258
-2826.37566,340,933.234165
-14410.658738,414,934.185023
4380.320355,423,935.134606
2550.827263,414,936.085558
-7829.003705,426,937.020003
3587.476852,340,937.876238
1777.027847,340,938.756066
2033.795949,419,939.692577
-11914.694683,417,940.637663
-9504.241127,414,941.588284
-2364.738084,340,942.537583
1070.163703,340,943.452546
1485.630631,340,944.351726
-8774.016872,1366,949.340534
-7674.390011,412,950.316284
-10226.61513,439,951.29281
3087.97582,426,952.237586
-8880.427171,433,953.225884
2465.12967,340,954.102717
3250.42685,340,954.995053
1381.23745,340,955.873552
2447.212443,414,956.825405
-9582.112731,426,957.786816
3591.494657,422,958.7361
-1108.220275,433,959.701406
3673.022384,351,960.603757
3341.339185,340,961.553834
2005.382257,340,962.481187
-14668.634202,1266,964.209022
-4344.033011,443,965.1644
-700.560608,340,966.060652
-518.471899,414,970.344053
3500.511186,347,971.304694
-7065.790378,414,972.273237
-5906.615914,414,973.244114
-2472.542492,428,974.190386
1650.604714,340,975.018426
3424.533975,340,975.887995
-706.794083,455,976.835454
-4985.249535,414,977.774843
2542.535018,340,978.670547
2324.705023,340,979.562937
3487.057286,340,980.455974
-5616.543712,414,981.403424
-18531.787689,414,982.334871
-3502.032708,414,983.279733
1434.639279,340,984.160558
4281.731534,417,985.136537
-3457.196979,340,986.014832
3505.520669,425,986.973285
1710.255579,417,987.924053
1975.447554,414,988.876745
-6754.742176,410,993.044427
-2425.455284,340,993.967229
2305.644754,340,994.85034
3557.061887,340,995.741137
-3899.716581,414,996.692594
-6064.234797,340,997.588008
-12494.198196,409,998.530968
1299.606986,410,999.457316
-5965.282584,414,1000.390191
-5446.580359,420,1001.290013
3513.587564,340,1002.14726
-5717.502527,2162,1004.854097
2733.911516,340,1005.700178
3764.052195,340,1006.606649
-7563.205498,414,1007.556715
1746.172945,340,1008.43917
-6779.129716,416,1009.368686
-1372.090581,414,1013.718889
2224.024615,414,1014.689957
3564.400306,340,1015.564248
1261.579577,420,1016.528259
2875.473122,340,1017.421933
3097.565651,340,1018.312954
-8458.303443,410,1019.272047
582.442606,340,1020.157525
-11620.695033,2242,1022.64312
-1564.31402,340,1023.469681
-8790.810494,414,1024.397248
1212.231621,414,1025.401386
-12092.858753,410,1026.365497
1974.430908,414,1027.275813
-5134.429864,414,1028.201726
3490.871394,414,1029.146772
-14910.823726,2387,1035.141563
-19744.236883,2607,1037.945987
-66.678832,340,1038.763915
-11590.033074,1164,1040.406703
4035.491361,340,1041.263039
641.857949,340,1042.15198
2820.719352,423,1043.111972
2650.762765,340,1043.993396
3416.337782,340,1044.856605
2245.214138,340,1049.000632
3215.941856,340,1049.951373
-7953.700162,414,1050.937846
-4787.802165,414,1051.889044
1429.125018,414,1052.836892
-4826.801073,470,1053.830232
-11426.479389,414,1054.767523
2148.180479,414,1055.68503
3337.525161,340,1056.552496
3309.832008,340,1057.438243
2979.63923,340,1058.344638
2220.528844,340,1059.216655
4089.428106,416,1060.159103
-9142.593954,414,1061.107507
2182.262241,416,1062.083581
-16050.869202,1660,1064.171643
3422.875464,340,1065.047004
-17283.692321,1534,1070.207364
522.867527,414,1071.152981
3853.204193,340,1072.031712
3063.028096,414,1072.927729
-14552.849983,424,1073.911337
2973.773459,340,1074.822242
-1573.434739,414,1075.782234
-292.838636,414,1076.740653
-895.290319,414,1077.690728
2197.554915,424,1078.67238
3613.914796,340,1079.561953
539.929247,340,1080.456865
1178.292426,414,1081.409431
14.238644,414,1082.363909
-5783.237888,2561,1088.274193
2789.200915,340,1089.1601
3556.720341,414,1090.133762
1098.682321,414,1091.128158
-11527.474096,414,1092.08662
-247.196751,416,1093.039445
3157.862126,414,1094.01369
-18580.26133,1366,1095.828589
3195.527754,340,1096.664066
-1100.612152,414,1097.617795
-2396.107104,414,1098.574491
2381.495454,414,1099.528698
-2589.580239,414,1100.472951
789.290664,340,1101.365261
3466.398694,340,1102.248443
3435.694119,340,1103.123224
-6612.923735,414,1104.076224
-4491.588035,414,1108.19771
3590.592867,340,1109.081002
-28.990714,450,1110.107247
-1012.275207,340,1111.010631
3268.902457,340,1111.899847
3641.557347,414,1112.848459
-8801.624991,432,1113.821306
3815.092087,340,1114.710438
-31739.187831,2500,1117.452766
2324.998996,414,1118.347026
-2584.781251,2700,1124.702812
-9270.161991,818,1126.487962
3202.902808,340,1127.626896
-10501.23679,425,1128.763088
2715.081286,340,1129.753217
2135.494042,423,1130.713579
2759.795595,340,1131.572235
-6291.005311,340,1132.45551
-4536.393237,414,1133.439027
-5326.709639,442,1134.418746
3378.30561,425,1135.422997
2707.940299,425,1136.48634
2411.882421,340,1137.442958
3522.053115,414,1138.4321
3593.572945,414,1139.406993
2246.987939,340,1140.278547
3384.54051,340,1141.165831
-2660.117574,422,1142.120467
-15083.320394,1250,1146.962369
-4110.090972,340,1147.823503
-3968.18576,434,1148.813888
-5483.29794,414,1149.808554
2569.515372,414,1150.767547
-6482.13871,425,1151.72589
-706.55959,529,1152.773237
-2252.125897,423,1153.730512
-13137.580707,2124,1156.236245
3603.097379,432,1157.161467
4639.861702,340,1158.034166
2736.158025,414,1159.000794
-10177.872263,414,1159.962828
3612.449855,340,1160.806986
-11916.139167,413,1161.816282
-4455.623274,427,1166.082836
-1395.235128,340,1167.015924
-17092.88077,1308,1168.732555
-2188.61061,421,1169.631498
3439.70425,340,1170.532712
-5527.074568,340,1171.400376
-26325.121383,2700,1174.38262
-5596.330697,414,1175.294491
22.528987,414,1176.234456
-7815.436947,414,1177.20324
-2075.895776,414,1178.139922
-12757.847536,414,1179.113106
-10341.339838,414,1184.383241
-6781.168809,2275,1186.976006
-455.966885,340,1187.808955
2729.21796,414,1188.76707
-7548.504082,2626,1191.77913
3347.814962,340,1192.640458
3642.136172,414,1193.628195
-6868.842066,439,1194.601415
3585.386597,418,1195.52521
2893.407181,340,1196.402082
-874.274647,412,1201.374638
-3563.28786,340,1202.378745
-973.748708,340,1203.300554
-5474.903745,446,1204.277605
2889.241458,414,1205.236166
3928.322871,340,1206.122571
3194.960785,414,1207.075129
-28626.854015,885,1208.468154
-15218.059787,975,1209.923358
3399.390839,340,1210.785216
-617.154378,340,1211.615702
1244.474164,340,1212.499025
-13250.655537,2700,1215.39112
-574.995295,414,1219.540954
2283.448366,425,1220.546763
-12285.190513,1140,1222.091251
3664.771042,340,1222.953573
3069.323834,340,1223.835759
3847.958071,340,1224.723092
-9407.086665,414,1225.675965
-6547.805398,414,1226.628362
2426.739308,340,1227.550654
3655.098795,340,1228.443024
3574.811085,340,1229.330428
2676.927096,340,1230.254235
3291.305232,340,1231.207019
331.02908,410,1232.183157
-10632.837833,340,1233.096161
340.944344,340,1233.994848
3310.168891,340,1234.847531
3571.15786,340,1235.730823
-6680.523121,414,1236.693779
-10633.48054,427,1237.663201
-6048.587543,414,1241.967395
3627.042778,340,1242.933442
-3324.83115,340,1243.849891
-5028.700289,414,1244.837694
-8267.533717,414,1245.812149
-10083.721537,414,1246.753661
-5736.950484,426,1247.643034
3619.403518,340,1248.516814
3624.910399,369,1249.429287
3129.35474,340,1250.312963
3900.699383,340,1251.197476
1327.74387,414,1252.132756
2519.160022,340,1253.0412
-207.891896,414,1254.040356
-13320.129278,414,1254.985076
-9415.873777,414,1255.943881
2769.637986,426,1256.913941
-3696.326641,414,1257.93608
-2975.716327,418,1258.915217
-11063.383568,1214,1263.828843
-1338.459448,425,1264.808416
3636.973591,340,1265.729139
-7596.400004,425,1266.701448
3606.186469,340,1267.591473
207.932375,340,1268.499552
-14071.713759,2700,1271.414423
3178.403272,340,1272.259521
-1307.288933,412,1273.20053
-6314.797833,1982,1275.541576
180.227356,509,1279.705809
2575.965384,340,1280.674879
3178.413911,340,1281.543386
-4575.095469,414,1282.465443
-8695.859684,411,1283.405223
-1589.023467,340,1284.286052
3055.04344,340,1285.165394
-6123.680589,414,1286.111009
2713.46412,340,1287.031117
1968.460552,425,1287.987891
-570.906627,469,1288.977577
3014.832216,340,1289.861682
-2667.177389,423,1290.834621
2263.667502,340,1291.744769
-20177.178023,1451,1293.666919
2365.306481,414,1294.579295
1261.406021,425,1295.499465
-19082.336704,2519,1301.700309
2796.798563,414,1302.618494
3858.67872,340,1303.503826
-23113.629977,730,1304.789026
3464.916013,340,1305.632742
-4779.490676,1650,1307.666465
-14532.219655,1161,1309.237743
-5294.162944,340,1310.107143
-15636.892515,2341,1316.096004
2168.611442,340,1316.979593
1750.445675,426,1317.925832
-19519.0833,1026,1319.446544
4017.256693,340,1320.320932
3317.817129,340,1321.236931
-11194.213507,431,1322.201054
-753.965876,340,1323.152814
3399.492601,340,1324.03545
3653.634814,340,1324.905666
2935.183383,414,1325.846185
-29986.998078,1429,1327.698165
-600.734486,422,1328.580866
948.478138,414,1329.543021
3525.029403,340,1330.483309
762.097405,414,1334.73098
1590.839707,426,1335.720024
3115.996941,340,1336.607737
3017.294341,414,1337.568777
2642.982794,340,1338.444231
-6962.026551,414,1339.40946
2608.736054,340,1340.271968
2345.169255,423,1341.193363
2538.834755,340,1342.076819
-12095.643353,414,1343.019495
-841.541645,457,1344.023735
3470.399272,340,1344.931757
-8018.517998,340,1345.828724
-1176.459298,340,1346.743844
3235.39615,340,1347.648918
-11345.504683,425,1348.622414
-6585.063282,414,1349.558951
-5668.302864,426,1350.513818
2187.659618,340,1351.47156
3970.947372,340,1352.386426
-8744.070106,831,1356.832072
2757.342114,340,1357.751933
2865.745287,340,1358.624229
554.894277,340,1359.537873
580.333972,340,1360.472316
-905.496893,457,1361.541226
2181.290646,340,1362.450586
1570.403194,415,1363.408746
-5570.712983,414,1364.372687
-9478.967728,414,1365.331426
-2823.191834,340,1366.179965
3451.689846,340,1367.05986
2099.389563,414,1368.033559
902.043623,414,1368.995737
3368.877448,340,1369.891128
-9474.874613,414,1370.844938
2054.885289,340,1371.739354
-11251.25201,1511,1373.769485
944.130073,414,1377.869282
-1201.508763,426,1378.86988
1056.507174,340,1379.758615
-9325.423631,414,1380.711005
2990.202756,417,1381.67569
-6829.249648,2104,1384.143719
2806.119057,340,1385.069415
-6954.471468,414,1386.035311
-7908.832472,2343,1388.750907
-6930.098884,416,1389.673931
3931.895665,340,1390.570932
3069.273763,427,1391.567943
3359.644606,414,1395.937692
-19470.179021,1937,1398.269751
3062.098963,340,1399.12518
-10807.283073,340,1400.003231
2568.380332,340,1400.848117
-14006.20301,1280,1402.55746
2996.425773,340,1403.416011
3410.284817,444,1404.387909
3473.432519,340,1405.288227
1836.586621,414,1406.261421
-7165.09723,414,1407.232196
-704.480635,425,1408.199174
2301.8998,340,1409.105645
1731.027386,340,1410.011518
3684.484303,340,1410.903378
-1504.948432,414,1415.142143
151.354343,414,1416.148
3613.089005,414,1417.124514
-8955.635771,340,1418.026748
3708.7011,352,1418.944412
2870.620145,340,1419.882493
290.772915,340,1420.840095
2721.7904,340,1421.761952
-2707.176735,340,1422.688208
3311.042092,422,1423.669087
3095.971988,340,1424.576036
3544.147138,431,1425.541496
3246.920603,340,1426.428651
2389.21846,340,1427.278149
2005.007413,340,1428.148727
3744.386547,340,1429.035936
-554.152926,414,1429.99674
-8169.064347,414,1430.935164
2687.278328,414,1431.884865
-11004.250873,423,1432.877587
-1603.454266,340,1433.775548
463.749769,414,1438.010516
-1931.98805,406,1439.04758
-24891.297382,2505,1441.837436
2237.190133,414,1442.754443
1841.007094,414,1443.724114
1992.684954,430,1444.698307
-7395.076547,412,1445.653554
-6811.445844,425,1446.627282
3743.577824,340,1447.507328
-826.109872,424,1448.470643
3101.797407,425,1449.43944
2361.744363,340,1450.400238
2853.219105,414,1451.413933
602.784397,340,1452.286589
-238.947905,340,1453.148662
3568.157781,425,1457.317192
-6896.105348,414,1458.385708
74.59611,340,1459.299664
3431.666529,340,1460.204033
-4369.814481,1113,1461.838772
3298.130795,340,1462.725962
-290.907441,411,1463.663967
-2160.627454,423,1464.574902
-4257.471173,426,1465.539942
-785.672936,340,1466.425697
3631.686112,340,1467.310044
576.157439,414,1468.243033
-1834.409179,416,1469.197702
-7922.954633,414,1470.155922
-8659.362943,449,1471.130092
2025.121722,340,1472.054767
3307.416302,340,1472.987982
-1224.807321,2700,1479.100176
-583.806235,340,1479.97798
-2459.594412,418,1480.971353
-4969.747516,1455,1482.916903
-11861.762482,2056,1485.540923
-11590.801711,419,1486.493556
863.107868,417,1487.404342
2279.813699,424,1488.373784
2206.949902,422,1489.330961
-762.138569,340,1490.213782
-1097.274447,411,1494.463895
2652.49507,340,1495.454276
-4841.661609,432,1496.448528
1863.39262,414,1497.454317
2694.775566,340,1498.335762
-16218.367409,410,1499.259723
-15459.219131,2640,1502.079881
1222.199531,340,1502.923911
2232.766307,432,1503.891082
1765.245229,340,1504.772521
3684.519076,340,1505.661223
2797.18877,340,1506.557811
-5721.740676,1961,1511.99726
3139.279687,340,1512.935879
843.390147,340,1513.920183
-6897.610912,357,1514.854
3196.421233,414,1515.829158
3541.017824,340,1516.739578
2595.681625,340,1517.646039
-6116.893452,422,1518.62667
353.401882,340,1519.527393
-5203.076418,2274,1522.127632
3006.435379,340,1523.00514
3061.068837,340,1523.914907
3194.524429,340,1524.814093
-24271.090321,1697,1530.052012
-11496.483838,418,1531.084302
3810.455938,340,1531.966111
-10163.306776,2073,1534.407106
-17394.178229,1394,1536.185946
-10832.182354,414,1537.132004
-10404.735215,425,1538.073004
2772.202379,416,1539.034539
2797.362411,433,1539.999605
-6148.363396,414,1540.972726
3244.177302,340,1541.864946
-4261.278058,340,1542.776166
3573.592898,340,1543.695882
3337.106801,340,1544.572943
-3411.658624,423,1548.725303
-4367.23953,426,1549.779864
-7371.976991,414,1550.729105
-7789.779446,414,1551.669398
-2083.81439,340,1552.565634
2783.43016,414,1553.533806
3419.792334,340,1554.411972
-1857.220748,425,1555.342572
-18499.135942,1072,1556.8779
3549.253913,340,1557.758041
-8925.709751,414,1558.709231
-15188.876082,414,1559.663972
-5086.883924,414,1560.619023
2604.767112,340,1561.510661
-5640.04707,2136,1564.085413
3029.618576,433,1568.140791
-1024.549137,414,1569.14327
-5823.921669,425,1570.110163
-15924.825943,853,1571.49711
-11137.113066,414,1572.439588
3361.91745,414,1573.502908
-7147.118272,420,1574.504477
3403.876992,340,1575.428682
3341.056589,424,1576.435323
2130.01461,414,1577.401209
-7046.405422,422,1578.359484
3362.106612,340,1579.255487
-23508.490491,1015,1580.682059
3800.160767,340,1581.546192
3680.101804,340,1582.446525
-7426.382742,414,1583.418566
3283.677703,340,1584.339581
2498.937322,340,1585.277474
3327.507574,340,1589.377154
-21799.133442,949,1590.824228
2577.617163,414,1591.721456
2708.752756,340,1592.619319
-4548.82642,414,1593.601203
-21951.855007,734,1594.883893
14.751441,422,1595.84986
2653.92598,340,1596.73569
3781.128155,340,1597.628884
1657.757663,414,1598.589472
3813.584134,422,1599.549167
-7137.92334,414,1600.547759
2201.840291,340,1601.471107
-1336.361995,340,1602.402773
-29375.779667,1756,1604.547776
2865.190095,340,1608.700554
-5330.701798,412,1609.753256
3533.88799,340,1610.678774
2272.817225,426,1611.661092
3178.369089,340,1612.567741
3764.985555,340,1613.499864
3708.028168,340,1614.423407
-603.509512,340,1615.337159
-13611.675105,1101,1616.894488
-6045.472599,418,1617.839326
-4161.351169,413,1618.828419
1313.187334,451,1619.832472
3090.401366,427,1620.807531
2900.088428,414,1621.763772
3408.975933,340,1622.671809
2375.731308,414,1623.636556
1461.243429,416,1624.684028
-378.777518,340,1625.58954
1848.046807,340,1626.497357
2663.032035,340,1627.401157
-6641.378106,418,1631.627633
3727.081778,340,1632.585081
3160.541078,340,1633.505766
-20371.594086,1208,1635.227604
-5116.089122,426,1636.167386
2257.660482,433,1637.133441
-91.550446,340,1638.016097
-12380.090205,1592,1640.002572
2254.687827,340,1640.820539
4014.848078,340,1641.705573
2797.332593,414,1642.664879
3332.764431,340,1643.561176
3202.547167,340,1644.466463
386.950381,428,1645.459072
3826.437804,340,1646.369702
3461.926913,340,1647.277106
2478.297844,340,1651.450341
3837.948033,340,1652.38051
3646.829367,340,1653.352168
3313.748538,414,1654.361113
3973.953411,407,1655.343817
2148.003022,340,1656.239458
2515.536109,340,1657.127983
2274.285652,340,1658.013563
3347.875726,340,1658.905042
3876.486102,414,1659.96452
3024.991699,450,1661.124679
560.926302,340,1662.078308
3690.520839,414,1663.029742
-107.140303,340,1663.909262
3296.254461,423,1664.875352
-1305.591891,414,1665.822123
2553.450386,340,1666.715403
2311.564551,414,1667.603086
-245.987706,414,1668.532234
2596.783424,340,1669.409508
3040.112415,420,1670.377056
3592.363841,340,1674.563154
-417.902312,340,1675.55963
-2079.179556,414,1676.538467
2882.376735,340,1677.434026
2957.5367,340,1678.340738
2516.61608,350,1679.230578
2064.619148,340,1680.075555
3350.106997,351,1680.975263
-15130.967486,1050,1682.515089
2040.784287,340,1683.382879
-12978.677001,1524,1685.362445
-8216.783878,414,1686.279741
3024.932118,340,1687.222468
2579.399704,424,1688.268939
3549.114434,340,1689.191331
2955.052793,423,1690.170583
1836.29891,340,1691.074201
-1245.558092,340,1692.000398
-340.049842,442,1696.216756
-3715.148386,414,1697.214065
-11017.469002,414,1698.181694
-15252.982287,1209,1699.865013
1410.36214,463,1700.837256
3507.500728,340,1701.717747
3272.34272,442,1702.711718
3434.913743,340,1703.558522
3366.756655,340,1704.419328
-1248.357944,417,1705.36551
3027.73981,410,1706.320163
971.024638,340,1707.204099
3347.768667,350,1708.103855
3770.245195,340,1708.997136
-6474.688378,413,1709.95406
-9612.528243,414,1710.905924
176.882501,414,1711.846887
2216.295834,426,1712.866033
3487.795072,340,1716.982841
2560.90677,416,1718.010391
3327.154926,444,1718.996182
-7907.081984,426,1719.960596
-2245.841762,1764,1722.234964
3187.249263,420,1723.204891
-3749.003367,425,1724.200574
3583.199061,340,1725.102758
-5029.638634,414,1726.063957
-14564.533866,414,1727.012153
2177.562923,340,1727.909293
3744.527998,345,1728.811718
-502.870157,414,1729.706838
3149.116773,340,1730.60699
2421.355784,340,1731.515079
-5019.932528,414,1732.497333
1806.28984,340,1733.441747
-7910.512093,424,1737.667238
3573.597747,340,1738.66224
-1232.499614,414,1739.652973
-446.297622,417,1740.589249
-960.938134,410,1741.520268
-6358.977014,422,1742.492159
783.889793,455,1743.483306
-9265.004279,411,1744.436961
644.548095,340,1745.33314
-8901.243024,414,1746.306607
-7613.960551,414,1747.261434
-1471.634068,414,1748.217738
-15218.755155,1346,1750.031048
-13669.222908,414,1750.955684
3672.524055,340,1751.938396
-16363.940156,2700,1758.268929
-5792.992308,340,1759.129889
2867.787969,340,1760.027914
3805.939064,340,1760.938139
2499.85829,414,1761.901269
-9268.747761,439,1762.884034
2070.037876,425,1763.84988
-1078.974895,414,1764.764272
1825.154703,340,1765.655917
2818.631429,340,1766.581136
-17611.795058,1944,1768.940035
3454.479698,340,1769.824459
-4223.260803,425,1770.806216
-17608.342583,1582,1776.215028
3117.533419,340,1777.083446
-10491.308558,414,1778.020252
3149.121167,410,1778.953068
2203.092834,340,1779.842456
3826.355539,340,1780.736661
2898.691612,340,1781.669076
1074.771561,436,1782.684458
592.344937,340,1783.598643
2542.708682,340,1784.479011
-10106.655239,421,1785.443875
2095.19895,424,1786.38523
-6357.796125,426,1787.339052
-3228.427228,2700,1790.177462
3584.89509,376,1794.425912
3621.532316,340,1795.391151
3995.033241,340,1796.301892
906.311739,413,1797.277762
-12198.320196,411,1798.257949
3460.754565,340,1799.152463
-9298.819693,414,1800.236576
3797.14693,340,1801.419059
156.789682,421,1802.47657
-5750.031165,1850,1804.773139
-1395.386935,414,1805.74174
-1774.846679,440,1806.826502
2813.267275,414,1807.952492
-6278.370647,340,1808.913153
3491.389483,414,1809.93336
-4498.323925,1288,1818.154459
-3360.84109,340,1819.697621
-428.221719,414,1821.112114
3428.195695,340,1822.259163
3142.910232,340,1823.320328
3159.076614,340,1824.401258
-6997.469327,1854,1827.423238
2963.886114,340,1828.628627
3511.889333,340,1829.841351
626.666199,340,1831.049296
3635.093163,414,1832.377274
-9390.188638,414,1833.773487
-6210.023039,1558,1836.413091
3421.327192,415,1837.578716
-1291.411997,414,1843.531814
-6610.256612,414,1844.976881
-2557.078882,414,1846.17534
3024.477265,340,1847.327271
-4823.586122,2112,1850.697375
3064.632023,340,1851.83888
2866.109125,417,1853.071645
-7401.74676,427,1854.35999
2938.763319,418,1855.547011
1906.81446,414,1856.805066
-5505.152625,1981,1860.349275
2008.038785,425,1861.788471
-2736.261886,414,1867.511177
2154.929942,340,1868.697731
-5441.328392,414,1869.867759
3466.38939,414,1871.178019
-11069.536168,422,1872.660412
-4056.137017,414,1874.044943
3733.349197,416,1875.402634
3522.502778,340,1876.668396
3779.268797,414,1878.009429
3040.957117,410,1879.322241
3223.245957,414,1880.604112
-9186.012933,340,1881.757065
-6091.812454,2700,1885.825578
2736.233982,340,1887.21094
3284.471535,340,1888.50299
560.838008,425,1894.385279
3703.386611,340,1895.630526
-12514.890543,934,1897.548311
3059.111945,424,1898.860904
3648.2345,412,1900.68983
3062.558136,444,1902.150225
3094.950132,340,1903.32963
2851.545422,340,1904.632433
2441.088843,340,1906.123388
-8391.74595,1349,1908.579682
881.781145,340,1909.744574
-14233.860548,1344,1912.068909
2553.974391,340,1913.158415
3120.035846,414,1914.378075
3279.031212,340,1915.580205
-29231.034677,1308,1923.000087
3285.405683,340,1924.109876
2814.994979,340,1925.216199
-5458.185393,414,1926.424836
-8684.092382,340,1927.59724
1866.244139,414,1928.909224
3644.501473,340,1930.205559
-81.483074,414,1931.569784
2821.567163,418,1933.011701
459.744707,340,1934.24051
1919.933386,340,1935.503946
3216.744867,414,1936.795128
3815.474267,340,1937.97844
-52.498157,418,1939.179062
3739.848704,340,1940.288771
-3474.997947,418,1941.344094
3437.123841,340,1942.46945
3417.520106,340,1943.6538
2768.247795,340,1944.888852
2962.674348,340,1946.110006
773.568301,340,1952.000148
-4711.66951,2358,1955.812363
-6268.815262,340,1956.988335
-1560.113795,414,1958.290668
-933.935179,340,1959.496353
3164.97213,340,1960.755875
804.291474,414,1962.115041
-386.136133,445,1963.483936
1012.176544,348,1964.61462
1782.513988,452,1965.781444
-6227.79681,340,1967.022475
1126.627282,414,1968.247341
198.583527,440,1969.492123
-1452.33329,414,1970.665843
2134.460019,418,1971.88068
3275.042906,340,1978.75267
-7599.296972,425,1980.09078
2246.93774,423,1981.313008
-13590.984338,2235,1984.55055
-3899.038064,414,1985.734771
2781.454717,340,1986.938813
3640.488178,340,1988.181812
-484.092152,340,1989.297903
-4279.626345,340,1990.537755
3074.469045,340,1991.756788
2542.399199,422,1993.181178
-6602.307592,1198,1995.696069
3407.999205,340,1996.869705
3562.537144,340,1997.98374
-14751.343004,2700,2007.033196
-9732.222222,340,2008.200829
3009.060617,340,2009.32917
3564.808013,340,2010.485874
2027.759208,340,2011.609513
-6975.476668,446,2012.728828
2149.556135,422,2013.864493
3500.618782,340,2015.098884
-12443.221993,424,2016.394612
3616.676612,340,2017.602921
3105.518133,340,2018.817314
2439.66283,340,2019.982279
2702.330435,424,2021.276181
3575.419786,340,2022.424316
3023.169483,340,2023.580705
-10362.212229,1450,2030.519095
3452.339851,340,2031.736825
1535.537158,425,2033.249656
-3373.709144,414,2034.857964
749.456825,340,2036.160061
-25.942801,412,2037.405293
-588.128843,445,2038.650811
-6122.369929,424,2039.826214
1340.849798,414,2041.093124
2488.032859,414,2042.595638
3838.166757,340,2043.779401
2081.801607,340,2045.033607
2155.010505,414,2046.466563
3039.204619,340,2047.711371
1292.526132,414,2048.995003
-7928.64519,340,2050.204616
-827.180839,340,2051.468563
2295.465698,423,2052.788275
3414.868974,340,2054.072268
-16965.403305,882,2060.31508
2203.473423,340,2061.663514
-8970.434412,414,2063.003141
89.904968,414,2064.348238
2018.168564,414,2065.658015
-714.805696,414,2066.939364
361.04872,340,2068.047526
-2380.393727,430,2069.281442
357.733562,403,2070.4849
-21911.34065,2046,2073.6949
-4813.276218,1843,2077.205983
3760.127521,340,2078.491062
3309.07711,414,2084.312962
28.297337,340,2085.455205
3419.190389,340,2086.569396
3391.770231,340,2087.680777
3372.202642,340,2088.806213
-8.470857,414,2090.142227
-1249.403475,340,2091.430209
3658.971296,340,2092.705404
-505.273909,428,2094.109603
-166.22092,340,2095.348552
2645.504684,425,2096.705651
1402.368954,414,2097.941775
3367.903327,340,2099.03171
1768.490368,418,2100.202413
-8503.166147,414,2101.731784
2527.037406,340,2103.262338
3667.77924,340,2104.925537
3197.868558,414,2106.579175
3796.931337,414,2108.313517
-873.090334,428,2110.035211
3707.259202,340,2111.63765
2153.681589,340,2112.922961
2535.891091,428,2118.781515
2506.699334,340,2120.033416
3686.087629,414,2121.418443
-4937.122674,1768,2124.580942
-1350.95465,433,2125.818315
3252.240139,340,2126.936078
353.070589,340,2128.031133
2943.545698,340,2129.131331
3093.700071,422,2130.371453
470.471186,411,2131.655242
3397.799954,340,2132.898712
3155.017373,340,2134.102111
945.040982,414,2135.447621
17.061827,340,2136.701055
-7479.339534,445,2138.225361
3777.572479,424,2139.561934
3605.560044,425,2140.808918
2203.95975,340,2141.810323
2856.26542,340,2147.375096
2450.449475,340,2148.700483
-18570.245128,964,2150.895562
-4417.191321,2274,2154.78051
3628.789483,340,2155.875011
433.160606,340,2156.975276
2981.983217,413,2158.12845
2571.460767,414,2159.332123
3669.479993,340,2160.500267
-2126.025787,414,2161.91751
-3446.388993,414,2163.281925
3613.620509,340,2164.48019
3319.498153,352,2165.558352
-30.021361,340,2166.735619
3262.507336,340,2167.957696
-9352.109621,419,2173.860872
-9259.85495,2305,2177.730096
2265.244262,414,2179.053556
710.72692,340,2180.266807
-958.29082,340,2181.482797
2296.63277,424,2182.743998
2915.435122,425,2183.981503
-2268.276779,426,2185.208245
106.633982,414,2186.382921
-13254.867473,2010,2189.548302
1822.026445,340,2190.741515
-7385.057203,414,2196.841746
1866.309478,420,2198.200611
3640.724928,340,2199.389969
2997.967657,418,2200.840772
3616.201295,340,2202.325055
2542.17325,414,2203.702005
-22554.30875,874,2205.623152
613.794197,340,2206.894087
-8904.405867,414,2208.332059
3392.436626,340,2209.82227
-5492.473158,424,2211.345061
1273.729444,340,2212.607735
2851.18317,340,2213.701792
4386.075514,340,2214.795849
3286.616698,340,2215.917276
2707.582843,414,2217.126777
-11891.276733,1233,2220.053539
1670.768295,414,2221.541151
-6187.676943,434,2227.968449
-1124.394494,425,2229.34689
-5469.858173,895,2231.21936
2383.318251,416,2232.453194
-1978.623816,426,2233.765126
-6946.620257,340,2235.013152
-8774.616515,424,2236.387534
-6359.503355,424,2237.760223
2807.377226,340,2238.864521
3379.978807,340,2240.026797
3610.664256,446,2241.290516
1286.153587,414,2242.480933
3009.306408,340,2243.78419
3782.033203,340,2245.038961
3505.594978,340,2246.25607
-32.347415,340,2247.66851
2316.476041,414,2249.023644
-15375.117304,1922,2256.907825
3662.335881,414,2258.241038
1710.857943,449,2259.514567
-7025.276081,414,2260.757913
1646.672231,414,2261.961369
-983.301025,340,2263.022899
2704.223575,425,2264.343205
-9760.428229,414,2266.257228
2324.997058,414,2268.152303
-5004.902614,423,2269.635361
-5105.93143,2700,2273.637925
3565.255747,340,2274.745356
1828.558044,425,2276.039701
2802.565599,414,2282.390585
2534.321457,414,2283.919163
3379.621963,340,2285.208096
-850.365229,340,2286.400969
-1939.379711,414,2287.621329
-8635.166167,340,2288.701876
3607.925951,340,2289.69939
-14295.546922,1156,2291.847402
3344.704309,340,2293.166719
3044.317795,414,2294.627066
3580.537828,340,2295.985099
428.637088,406,2297.293125
3349.487456,340,2298.478714
-6427.321784,412,2299.727077
-730.766695,340,2300.85308
1570.235096,340,2301.981229
3001.51573,340,2303.12381
-657.510283,414,2304.438143
2333.248432,340,2305.628411
-1394.000722,340,2307.084845
1282.316968,414,2313.571608
-8387.796851,2073,2316.965982
-4837.586029,2095,2320.151689
-9747.343286,1606,2322.999499
3424.682751,418,2324.379375
-396.95362,414,2325.784304
-4776.074706,1767,2333.501377
-85.207353,414,2334.8563
3502.193172,417,2336.243002
3405.078389,340,2337.537777
3084.65121,340,2338.706156
2923.277633,431,2339.949176
1355.239755,410,2341.242463
366.550292,424,2342.602948
2916.476827,414,2343.903409
2848.93164,340,2345.060109
420.772425,414,2346.2519
3352.550755,340,2347.412523
3222.752291,414,2348.651914
-5695.988879,340,2349.839547
426.018307,413,2351.129926
-732.533154,426,2352.524867
-6327.172365,340,2353.760946
676.519433,332,2355.237499
-8994.196757,1548,2369.504173
3738.291585,340,2371.181774
-8300.636531,414,2372.619284
-2420.756424,414,2373.808345
-7502.864444,428,2375.158812
3172.979867,340,2376.335301
1904.350327,340,2377.605592
3448.24206,340,2378.732881
3414.709344,340,2380.147775
4058.983082,340,2381.477368
-5120.537854,1226,2384.114
2313.748235,340,2385.369493
-1275.405189,414,2386.628982
-6423.403209,419,2387.85267
4189.528922,340,2388.956786
-6695.212228,2700,2398.265006
2661.881811,340,2399.397446
3292.737382,340,2400.590263
1644.645002,414,2401.904223
2796.923558,414,2403.12107
3754.669321,340,2404.238029
1426.499808,340,2405.374932
-6122.642103,340,2406.518659
-12273.364747,414,2407.787354
-7967.284502,340,2408.994305
3939.64977,340,2410.246828
3370.185291,340,2411.502405
2992.107062,340,2412.753713
-1049.6717,414,2414.035388
2822.662969,340,2415.248043
-6692.691831,418,2416.515452
3283.865325,340,2417.660294
-289.591652,424,2418.872146
-12318.437403,436,2420.076338
-1579.954854,424,2421.243485
